frequency_cm1,intensity
1.9314986842254995,0.0
1.6266692627393435,0.0
1.6030345626828475e-05,0.0
2.31459963676295e-05,0.0
3.05757553191108e-05,0.0
1.459110687683862,0.0
34.430845342721064,7.27091259268241e-05
56.83825441628779,5.351754186039702e-05
61.01741175898929,0.0020236102264685036
95.90832438900944,0.010961199577545558
169.37090575528475,0.0010398720030038676
228.50087857262312,0.0032050659866795666
255.84489441827168,0.10432115588496256
295.9489310777396,0.002596265167442975
334.55315614741744,0.005426725208332336
364.05649235022673,0.0002153160262732428
423.87172206863625,6.78345700652784e-07
435.5280812836234,0.01682340172212839
525.1539614421606,0.01165713319583024
537.293413559099,0.0015222210888190641
647.4703302036388,0.00031578996362886016
669.2640903751097,1.1534886619696575e-05
726.9061662606063,0.017076866657133028
784.7077755146122,0.015170038274806657
802.7786463133361,0.00013563825044669246
837.4268691261367,0.035548612181505554
870.8152444157706,1.6149026773676605e-07
886.2126174856825,0.034183206424154226
897.3920154699879,0.017940749263479494
1004.1032726905172,0.0025630000978053387
1015.8307748053402,1.0331703643551376e-05
1030.5118239908322,0.03690296494715136
1044.492260058977,0.005708006975893431
1053.5438515939265,0.00043152214298070577
1092.657146615987,0.12363453219947668
1135.5244879483907,0.0066365142007364635
1143.5616945650156,0.03239207824687028
1208.8832625295915,0.0021538027762344008
1214.302279269158,0.0013008337278592043
1233.8525598356407,0.021717566542182452
1242.5164859849804,0.014613678337384705
1306.972402588823,0.002216936187227704
1339.61661666465,0.0024899816839503157
1339.9717508199876,0.014063626853497392
1341.1290703854204,0.012580661541302503
1435.5970232527177,0.3112336887715494
1447.962204305823,0.006240565954353186
1464.981412764106,0.0009180085761589161
1491.628102215481,0.004161167384698199
1516.156561363033,0.006502963991094108
1547.2431554200286,0.010656324337882188
1631.9050165237024,0.23860896191500103
1679.5252575352645,0.026743464261399872
1692.3711372434368,0.08549593540609
3017.1152822715376,0.041530355263812824
3049.6152037845086,0.024920225169344556
3083.884835568852,0.021601728113988177
3132.1157308235047,0.014409116312253056
3202.844105149004,0.01287434917004947
3203.499572236888,0.007447276915842057
3253.04343158882,0.0004975629068009185
3253.774183695593,0.0029184030848258716
3878.4522002195235,0.05760423899739046
