frequency_cm1,intensity
2.8906474147899695e-05,0.0
1.0857960962228297e-05,0.0
1.350147186914245e-05,0.0
2.7170397195756206,0.0
3.4676268749214763,0.0
8.832228566889844,0.007787060836678868
196.0419008623838,0.12271265382230451
213.9733809872006,0.00999614287872835
332.85351170997257,0.003874595834240609
560.1611523276551,0.003896690101004375
695.8152451863706,0.04490313541458988
736.2659845911195,0.04300165626812105
915.4611086361134,0.009658094220561722
1032.3077638751754,0.003647083560814122
1083.7263076730876,0.11496315290575164
1228.8574656594637,0.06361590237652365
1268.1095579407881,6.014830618776267e-05
1450.846491341067,0.027125098617814855
1498.8725778398677,0.00036705028225652187
2264.1106623064134,0.0007250368455959642
3033.1454691837257,0.036800251240171174
3062.461677381351,0.017138171838123367
3490.8381791259153,0.060881842422989906
3875.9427529484005,0.05913597329698832
