frequency_cm1,intensity
2.7784996694077013,0.0
1.3463777203139358,0.0
1.7597639686159424e-05,0.0
2.382726277188446e-05,0.0
4.184343113159233e-05,0.0
2.024397191028346,0.0
205.36528564890992,0.005893830491616742
233.80854850268665,0.0019726886590100603
235.9612078649176,0.0035566459890930516
331.00176417278993,0.011135403675268971
334.1699815146504,0.0019146535634791376
335.58521772391504,0.018428036361636403
339.1539863623643,0.12116047133821051
365.093231028643,0.1466367372762859
522.0100179732726,0.009394703914418948
522.8744331223146,0.004054699363831416
554.3973351299865,0.022668394625073668
611.817737944126,3.210238887351032e-05
632.7270828989564,0.004867350256802387
634.9417151836716,0.0034678193904787275
687.6656584676758,0.03720380468050012
797.9350693455737,0.00937868996309428
830.7812049304972,0.01970302841747297
860.3141631517522,0.042109704862900665
1017.7198368945061,0.0009978721112917665
1027.034725407969,0.06940540749656825
1035.6888202967891,0.02737113219395787
1155.9642331032553,0.21640990777586938
1174.950470977361,0.18084183775073082
1189.2336549832412,0.005392703220500587
1217.6056418682786,0.2287361286449149
1238.6664749093559,0.016854582493222116
1327.9604977456497,0.051311562199037604
1368.7252406871173,0.09403742115350568
1403.0794891712549,0.0007103764618840802
1535.9926135571598,0.1711939882513172
1567.3948661616316,0.06489692946606972
1681.8719299860857,0.28492385248532687
1704.8137153855944,0.2175793973383932
3180.00235910652,0.0072109618616519626
3214.9428957334794,0.0029523840197846494
3250.758461687234,0.0006131036649391741
3870.642468104067,0.0674971501230398
3872.0093536357103,0.014586190381988207
3874.3361716046743,0.18031811343433646
