frequency_cm1,intensity
1.1730705197439573e-05,0.0
9.874347526635425e-06,0.0
4.859295320499945e-05,0.0
1.7904617578320474,0.0
1.9953392597028796,0.0
6.077826176103638,0.0004844068909379928
43.76852969498104,0.002248591370495674
51.50393660342827,0.0013304546360134674
85.70829969758582,0.002555360815738823
119.09044137845007,0.0006257165044879647
137.89572337881052,0.00039126479516146873
198.66220510921886,0.0009763791619469409
281.68418642252436,0.0023164526868617984
388.783544197869,0.007790272501984227
492.1012908134967,0.029352347878911573
522.1172345088984,0.024548826138065295
639.0889772414581,0.024096096692230645
653.8219535772595,0.08370148846994942
741.8999584557259,0.008941939286045444
770.0878431053591,0.0341447121349955
792.4733812898963,0.0033054715515408156
893.2939450517905,0.007210223085305837
914.0022845301381,0.003589775369139393
1060.1628014210942,0.02608642021595147
1066.3264679092983,0.00496917968557172
1089.0482397384958,1.984901372716677e-06
1103.1477049930568,0.014480130985188223
1158.4373395540508,0.0011912519670894538
1164.2279952267124,0.26916443864346806
1251.6532375990564,0.017399763699114702
1265.6740284087368,1.000033424975059e-05
1297.1658754398331,0.012348599233184997
1320.437429570068,0.0008492874349666273
1334.7481329424556,9.177736796585397e-05
1345.9952104562108,0.062359196838716685
1398.2021898112555,0.020100495061825856
1437.6479965235803,0.06898199169330706
1457.2339925991973,0.014481363842495546
1484.3371836660733,0.0027290340132462105
1489.0839998543922,0.002084775532078535
1504.449320682596,0.008262808497350562
1839.6081794481004,0.3140502049852964
3055.109959455364,0.0038881400090052345
3062.1670545848137,0.009210963655092465
3073.614035528018,0.022188308847560113
3084.2696211319285,0.0006308573590087885
3099.764113964671,0.003973640737077616
3105.1848598333927,0.022549946905608412
3116.965778441589,0.03348860981115853
3165.4333077061215,0.009231425187576062
3798.0391696823563,0.11104682993266332
