frequency_cm1,intensity
2.2888437149605396,0.0
1.7675795819046587,0.0
3.6426391813567187e-05,0.0
1.4628918201541817e-05,0.0
3.242594274010747e-05,0.0
0.33627389602846236,0.0
43.75129251505595,0.0015859222250283263
71.1892256269314,0.002232336978265938
101.84668120997127,0.0032077860957410794
140.53102324051514,0.0013685378902710743
197.08237815647345,0.0027931860119891623
225.1037146442096,0.002281822850535323
256.10469439745646,0.0025630085662832988
313.6352083500547,0.000286326240603709
346.8849558203522,0.0037631397839115897
362.7958806460836,8.821390604241646e-05
425.69278112367806,0.0006488321381655764
474.59253229550023,0.017635495335127635
501.18650224301825,0.0013823877616103313
559.2964107321252,0.0002135629623012113
572.4553561278398,0.012353152690456797
610.017727033219,0.01443105861560753
620.464200093706,7.371406895888861e-05
676.0615227161003,0.042165449710394
745.0931640157435,0.0007727615610451102
778.4850020485975,0.029951098404826442
826.7492274866096,0.02559307816483523
855.3713365854138,0.010081255543550795
936.7028890194765,0.0118018848659326
971.9135378429678,0.000765942300097521
1023.9635844452254,0.0023873369832886713
1035.7406523051009,0.0002525218537641261
1118.8700015868135,0.06847210045576385
1151.530845088549,0.1336820150182462
1181.8946959400794,0.2700667540419344
1184.6135775235746,0.1699551212099743
1209.9861901562595,0.08002116605292367
1267.8213883597252,0.0013300804347481064
1299.062603444685,0.0424541933924111
1324.8577000301486,0.018807039137537514
1357.5439112173315,0.25501371245898535
1434.2388280633722,0.010142652133177195
1519.2724622798157,0.08589434825636681
1523.7746334944306,0.010602493936236468
1673.2842442335839,0.03399417424951628
1684.637254446958,0.12789492343531428
1829.810908706126,0.29660784283723995
2911.4237074131047,0.06603325227035475
3196.035045539848,0.005509463364457373
3227.3547059160683,0.0023909204428207782
3242.1468352978823,0.003023822907498579
