frequency_cm1,intensity
2.909008189232567,0.0
2.0248919256467452,0.0
0.6674347411054279,0.0
1.6840992989778543e-05,0.0
1.6337886066818502e-05,0.0
3.2932679398749725e-05,0.0
46.82984968441069,5.112358262926787e-05
99.92931424430918,0.0007384404074179469
163.38766273091926,5.868858824552526e-05
192.0138814772117,0.0012346087588138747
267.766144378383,0.005646181314026844
301.89487230683875,0.0003532303983393239
317.6239943174751,0.020491507024934564
334.1063999883099,0.0022873642241351944
345.4961644205769,0.003932735340469887
369.71714308630715,0.004028923807868236
478.9068314715193,0.0018552468738520307
512.7453942431499,0.022881830166177522
537.2764818253622,0.02618561520906779
556.4361418984497,0.10305609842202743
574.0574126636989,0.1391549142614065
597.484671836267,0.0037386721290272287
630.7891411298797,0.013468386548950334
652.6355295178513,0.015181788526538533
744.2672838238786,0.006919144557305308
758.6323560851451,0.031091014633298282
820.9282566025092,0.03493155251546164
840.7763623542335,0.016620805343206483
922.7568877058649,0.0011255909118153087
939.787275885459,0.053634267995550884
1006.4903525728047,0.0012841341036414868
1079.8524953157464,0.010759239728885341
1121.8433488867158,0.07599259117107918
1168.6952039526627,0.109649082411012
1170.2600648188743,0.1902410867487704
1188.3280901104863,0.09977330824484723
1233.029723412869,0.04949608993243901
1255.55747414006,0.10715982135298598
1324.6623962482693,0.07441767507708123
1348.7709610860402,0.0933867823901048
1374.1200570337767,0.2445580843711703
1535.9765352204342,0.02079952343434553
1547.2583537661628,0.19223163736386925
1647.0240741738853,0.04240942168925526
1673.113718542108,0.042158753716150556
1700.7894131524893,0.05303066042531593
3197.8362773403314,0.007220674815894204
3220.4888775021855,0.005944712045225102
3249.353912262357,0.002140203951259722
3612.537285227716,0.046991917759437306
3712.859459208403,0.03573154314359471
