frequency_cm1,intensity
1.1900970989467672,0.0
1.4609252428056565e-05,0.0
2.3498232472904673e-05,0.0
2.6112666780543868e-05,0.0
0.8411140679351968,0.0
1.8327311099071106,0.0
26.747828103530683,0.0004258889201532636
107.68385119745282,0.00048626444771051523
149.04307808658376,0.0037365725964454356
180.59706279889465,0.0016537610479852546
236.96803798352317,0.04376578080789569
252.1241447039283,0.06444655578193192
281.1470851198824,0.004323625480858357
305.5005748706812,0.00030653932570616314
368.1618617242742,0.006385051897892858
415.283397887032,0.00010682604388260448
427.83697137962656,0.0022399885804375167
452.63793198890204,0.0065826804138180315
522.8989553823021,0.0006503219624721056
593.3380673854966,0.02410615278683011
620.3761317145351,0.021424407199556312
632.6818137355536,1.4274913679934287e-05
697.6343862477615,0.03427915711148274
717.6320349004935,0.003608031478642496
722.6469485429866,0.046967903457056315
726.6597815908019,0.03530943755185288
789.7845719688179,0.02463475642776907
879.5675292608216,7.66415144924701e-05
889.4158752071586,0.017745276803208414
951.9981645355981,0.004393162145719737
966.6529802892348,0.018297773671057393
1015.8749148001142,2.3900289631926242e-05
1027.2662711864202,0.0005684026545455274
1030.4931656717379,0.00039915056196588385
1061.9739799845215,0.017709308831649746
1081.794653927082,0.010250141095210843
1109.4226999352209,0.02871681936016533
1138.783652551873,0.048766835679165205
1173.9692163084358,0.0023570442613374625
1198.1490664294722,0.060505765438437165
1202.065587721763,0.03297345963422266
1212.8096064851495,0.00849534778808783
1313.628181627902,0.000794215030395587
1356.6820814401058,0.002323115932797752
1380.3910699804017,0.051299933493629594
1398.450992039982,0.00909574162258845
1478.8934785431832,0.00526670526746111
1482.8133438880398,0.0015741143938007424
1496.7904177712146,0.015644568590975697
1545.5830460184116,0.012075554901340458
1663.3558709725303,0.00021037969180116712
1685.033397413158,0.005183056051699167
2255.476392199978,0.001662153103670138
3064.113167562926,0.019581896462861462
3141.6151860357513,0.023814341861390004
3159.025446941979,0.011513012007105299
3191.175550581218,0.0009135881482294428
3198.808000272812,0.006567030423625223
3208.617689513565,0.02185675973083234
3219.0812811645824,0.01741144411191137
3240.871469385888,0.0033687630709179645
3483.085805198996,0.0875749138620954
3872.761340184407,0.045767909738046515
