frequency_cm1,intensity
3.457656320761712,0.0
0.5790404484766993,0.0
2.9959492359490715e-05,0.0
2.197591879418681e-05,0.0
6.14586900736955e-06,0.0
1.0077298003772428,0.0
29.463400710035017,1.904987245186352e-06
76.21099177640126,8.702650872871202e-05
193.88084611101365,2.142306885894344e-06
194.42391791172255,4.3766327786975135e-05
245.7144739122792,1.2359872476236254e-08
294.46558966445934,0.0012230868629114395
375.6497655108341,2.2148743389453214e-05
382.00816172749154,0.0014574504635021857
418.2289691697673,2.981195689211063e-08
534.6335237841135,0.019549030688568805
612.9209124908039,0.007754311569083145
648.0474906277651,5.6565044464196984e-05
745.780405094913,0.0019031020671452954
791.5516661475195,0.0008461647272262274
801.3586656121959,0.008128086098685105
853.6094876755286,0.03810332827316014
858.2839096216323,9.24615654565986e-06
983.3289040542402,0.0004060339492700483
986.8714408314628,0.005408741379627668
1002.0528787719684,7.979567021927784e-06
1038.8047417130786,0.024206994953367707
1069.829141723692,0.0014019233597060696
1090.5325148395948,0.00946644545464755
1113.6282907599793,0.028138691663176143
1137.5635998547943,0.006003340518741702
1207.6273462011154,0.0005408442142460165
1241.1251157425836,0.0012109237177251645
1262.7793967215741,4.463314113547451e-06
1305.8961236977154,5.926291918669556e-05
1344.256974921217,0.00016842878429573042
1361.1609451023696,0.0025451359624104725
1405.8274757663496,0.0030831878836199253
1451.480045220243,0.006488764968897342
1486.2430839890267,0.0011940682796056316
1493.0041582504484,0.008736053217746788
1503.7009109704056,0.004786619964605287
1542.6768332631636,0.06242742195536144
1650.110314863346,7.613907756313431e-05
1674.3610932582906,0.0023182768684492216
3058.0101049206974,0.026429001369604528
3063.996984026373,0.028084229755731247
3100.3858781975096,0.004019172638211027
3130.240505299112,0.04124298538011917
3130.7491759189397,0.029281607288310425
3191.5255622274935,0.012532698932716954
3192.258703998078,0.013383016576511423
3224.641098082763,0.004040233674420709
3225.3645678347325,0.00018458255061255731
