frequency_cm1,intensity
0.9424795574632677,0.0
0.47595680158452885,0.0
1.796949593760389e-05,0.0
2.638531407095407e-05,0.0
3.642076251382528e-05,0.0
1.3356554397248515,0.0
31.051440325779364,0.0008863353297271869
67.67624664993342,0.002345565681972629
118.6031938679482,0.002476553684765794
175.1412627221817,0.008556346270087709
216.2965287936216,0.003964733723440174
248.4378582307257,0.0028785918525411533
326.7368593781671,0.0008434723330954027
356.5892868917606,0.001247863102352771
416.12449444238035,0.0008293589218516225
458.5139726888509,0.0018348778798497932
544.0320397420583,0.01615335308066048
618.2916211282918,0.007154357044875286
628.7046053973355,0.0019388385337279048
666.3947195946862,0.03900068908472148
712.9746177230279,0.014294217396876774
718.271611241445,0.040869191007513926
786.1154866446047,0.022021825610607677
862.2078800582269,0.004444517676070617
871.5841948757474,0.0003810298307277833
911.3909687410104,0.012034505736686166
962.4197813487375,0.005344856075719851
1014.5535043195756,0.0005695423457247002
1024.2062155587869,0.00040128131384144477
1026.9489646244142,0.0023325763389454067
1035.9105523242624,7.521014464477136e-05
1064.7901207364275,0.004243563390712114
1115.8824907090057,0.021618042323380646
1150.067622660229,0.19359061471535602
1179.4028245149893,0.004776891632895736
1213.0188136504858,0.004402558306579295
1245.4180372516466,0.0032668311653711716
1314.6807462287775,0.036533755816688475
1345.4205893364397,0.016320393286084013
1367.3584871808625,0.002907598656868362
1419.51230157843,0.0020347702947371336
1494.7692443419794,0.014390475566679325
1544.4836736636275,0.00480932197315944
1654.9424914926972,0.005715218488549246
1679.01508256046,0.0032610737433580385
1711.5323308416214,0.13871321811462797
1822.1487950701412,0.42422873913154757
2942.677684685296,0.05410488435038571
3163.0828595598427,0.006868880650887279
3192.557757146479,0.005386730889565845
3202.4222429234696,0.0012069189656758583
3213.490330292722,0.02064442724874962
3224.9920904136206,0.020452257975405917
3250.936131176992,0.0027522550020776066
