frequency_cm1,intensity
1.576857909576475,0.0
3.2502485657009334e-05,0.0
2.493249680908385e-05,0.0
2.6508935639602292e-05,0.0
1.4540778277518125,0.0
1.971582984125074,0.0
9.921549993760092,0.00032534492007193317
17.883787288230895,0.011805012383283013
113.557673630921,0.002842061283251297
141.76293866784133,0.002341663124350314
187.42929391920424,0.036079140517327114
204.56776365286893,0.00800806096105739
227.98204345553972,0.06236894503726549
243.51328797415593,0.006883048282019872
296.8520185727528,0.0002202112964809244
333.92201474813015,0.00020504831633907895
342.6517381396296,0.00048815080124999774
414.10865172739625,0.012957892804476779
490.78738324161816,0.0007841125478338429
511.3388462922708,0.0009523522651893527
535.8031724361925,0.00509147595303473
561.3168032962797,0.0007590185881923554
587.0918155204132,0.008027530999582975
619.7815939044928,0.012906424792688317
652.7948528298995,0.001189540733351928
719.7317480744794,0.018291571538638862
720.8391117057483,0.014000876471953725
891.942686131965,0.029306176366920483
900.5364400767068,0.022547001838893566
914.6105448300115,0.03286714551025138
940.3272399184386,0.0008601052160127478
1000.3969872220107,0.0766229191513439
1028.6553230905995,0.0013488277647975635
1044.4410324347705,0.00037559713453164795
1097.51153668272,0.001990492044559057
1128.731009258421,0.042223684705260944
1158.3920479256444,0.1412163898003647
1159.2380371022564,0.23084297280247454
1192.7906287498538,0.20438381717040832
1211.2090946457188,0.0433717888763742
1257.7722316994405,0.1491451671221228
1265.071070254316,0.0015014322550739902
1276.3966700351675,0.002358363249895905
1342.2420587596912,0.036565154975739235
1385.9735585953001,0.25242752022735565
1452.915877083313,0.07634155910987829
1505.3801954547464,0.053508129968988474
1509.3133226740924,0.027486755316295974
1527.1008733073813,0.0033280549123093296
1678.662685780454,0.06208388165013157
1701.4682618781057,0.006963567859286883
3016.0229137029123,0.03241837742265036
3047.809837772031,0.01995773264221005
3214.2113587702133,0.0018958998371325327
3243.0140036092303,8.516322130192351e-05
3251.835072093328,0.0005781167032484189
3885.983621259405,0.0757591310514866
