frequency_cm1,intensity
0.8826487501798982,0.0
1.7698283060172573e-05,0.0
1.6600396510590238e-05,0.0
1.6087828878028148e-05,0.0
0.8480371555406354,0.0
1.968969926433301,0.0
40.53763995086203,0.00044403057497181765
43.07799170030861,0.0028730258496995342
73.15825833868458,0.0004946352739548966
136.48897874369226,0.0010939849351138612
144.30040450667462,0.0013509086174394022
158.4776495787901,0.0016933340277267789
179.68251477390936,9.878181885084412e-05
243.17583734184288,0.00044087918215290244
255.23067147601523,0.0001376855469341949
289.48212955181526,0.007135613075585813
362.1172983127123,0.0009777428017464982
414.346654623315,0.0016491271248424515
457.25917126378295,0.01020317869694769
474.35527115826005,0.004507477148560907
506.6319747871097,0.008604449144760554
564.8931001622353,0.006483449226415197
617.1306086956091,0.016511870058392976
662.821029106875,0.007991895932927139
685.3418324666832,0.021479731175521342
737.8923964184936,0.0018615993700658252
786.9348485485456,0.009433276943392832
802.7700004437996,0.019571865316853194
858.7798685904299,0.023398181445804356
911.6309992246108,0.006040551064057089
964.981438775659,0.009649381528057036
988.8084156153031,0.029004082292488922
1006.5518612930372,0.00031438929018257907
1045.3028028898743,0.0008353849835388027
1065.412232545591,0.05273186696332922
1114.0712140156336,0.015301535435641426
1171.067845569012,0.008158808396144456
1188.0486546826437,0.007828754810365454
1266.1526133295386,0.14639218348788646
1303.8022847842824,0.07202672913357074
1305.2246981566252,0.0007153991835488557
1386.4231562302666,0.048051034062970094
1441.9517328934746,0.1264156735116662
1465.3211636241372,0.06007137759636129
1467.6624011787148,0.01514360067625001
1474.1464543861207,0.01091679561732206
1526.9910379334622,0.007070724945922549
1640.9060895301495,0.03378823077880543
1655.4890565810597,0.18240003151439518
1682.5137018738906,0.1942015687269395
1805.740834057389,0.188913833437974
3066.228244519082,0.003445060159160582
3131.123391024899,0.00694774100109385
3182.8558048149803,0.007013206604015648
3220.341680886117,0.0009449309399454058
3234.737271341898,0.0013400205706006515
3237.304635984213,0.005786607657684844
