frequency_cm1,intensity
1.6528447426464816,0.0
1.5436132333528614,0.0
2.3083233367548616e-05,0.0
1.670277914756827e-05,0.0
3.714169855197135e-05,0.0
3.7245479078586508,0.0
42.437805989748576,0.0022005193389643637
69.12291557436589,0.002033517757585389
71.95098660684822,0.007812501773760193
109.7067862301373,9.546525195543181e-05
140.37968343414448,0.001655340615493898
165.07523630019983,0.002263280583428937
182.28979488909374,0.0007503754211492175
242.50637270995995,0.0006941898868548186
256.82718616852,0.1105509568794711
344.99521750062934,0.00981641002018844
438.5902900320517,0.003680231732613955
498.6741159135409,0.009972199038682412
735.1072260304043,0.0030117207309209473
752.0792760321672,0.00017545084979138305
766.4414312514706,0.041851104405868624
797.2545175707094,8.993407609518951e-05
883.7241678302851,0.0005505790444998808
992.4928269535342,1.3782847019205059e-05
1010.9250319441071,0.0010988382173586593
1034.3910388970523,0.02956974348414062
1069.7520012287462,0.008118385056451172
1082.9919681719696,0.07014062194097767
1089.2000747175935,0.012644242530345006
1109.5811375240003,0.01230134057395567
1111.5091882325542,0.0007534726199097806
1190.423875241966,0.0005410636298687675
1217.0772585035081,0.016621391004974652
1247.783545501344,0.0005172991324472506
1258.6105367946993,0.005842713051906454
1296.2356880098791,0.00030821394495428333
1296.4591030628403,0.05652357117282226
1317.2247241873688,0.00013609350682179558
1330.1922256845621,0.0006464125375507327
1338.481121794731,3.172759025292928e-06
1343.054784520972,0.004055559794093954
1391.4688579892543,0.013010261480164553
1419.7486375754604,0.0006499476043864277
1456.5853591725493,0.008040464810356215
1482.30184871085,0.00037357271791456554
1485.0418439860662,0.0008213781201181875
1486.5357202274079,0.0019457860580798971
1495.1533940871645,0.00037530383434804894
1504.8665233225747,0.008343802272771044
1517.8070254653403,0.004844642616220846
3005.300655152084,0.04341774209730837
3029.4581224373715,0.0021558729148577847
3036.6939999742413,0.032337561192191985
3036.704219872691,0.03346780525538902
3056.967251109353,9.339931889340628e-06
3058.38555031829,0.02193370164092862
3061.619031641271,0.04212310346631891
3075.857532705073,0.011250391835400376
3101.549749980381,3.410337738485216e-05
3103.007872070145,0.024132830459909087
3106.83589064214,0.09337842846178926
3163.260155254713,0.010437242937823221
3879.5646968050974,0.04825457785142332
