frequency_cm1,intensity
2.5348197164222417,0.0
1.347524155045919,0.0
0.3377903458968296,0.0
1.7155956312595886e-05,0.0
1.7657502574553534e-05,0.0
2.910233595428661e-05,0.0
23.25711552657419,0.00042915713152468074
35.03914006281494,0.0013921091247373592
50.81342559784495,0.0004847628207094794
78.26282494585287,0.00036531541163787657
151.11404968460533,0.0013276078332187758
192.59837502235231,0.002586188910043804
252.514270940837,9.132163583524459e-05
323.23659969781113,0.0005280291148212401
374.09693309133075,2.822534023342467e-06
418.908867763207,0.009299557883905081
419.8423481527362,0.0008237974788829598
457.5721255575218,0.015004233884821585
521.8686091708657,0.024582820873369313
542.6946401521501,0.02898662671068328
617.7450965264701,0.02553227159841123
649.3916189748608,5.633264667396142e-05
652.7285730356767,0.08062541554879774
689.0417912701995,0.018438090143058167
748.1888793437324,0.006066007305403742
790.4291840445734,0.009319287961135415
837.6165104825151,0.01290750856762028
854.1684444732044,0.026448534486512403
856.9550851441101,2.8215358927535317e-05
918.1676974251169,0.015754380343440896
985.9893313951483,0.0002833699343148294
1001.1802732721111,1.5803359211515563e-06
1020.4061831196929,0.0022418469706937203
1041.941787569123,0.017816052107302797
1076.8654423349547,0.029347263998273646
1130.7184833210872,0.052800181941698346
1132.6493330388134,0.006105889305965963
1162.2732309917906,0.2782172218024187
1178.1716975408992,0.0018885794936474905
1205.6466844898896,0.001349062750767814
1240.1886828396364,0.0010757098985815815
1284.021459057585,0.012742262027323651
1291.5271200864447,0.0004111489068617574
1313.776200218784,7.3950355143922705e-06
1343.8133483898796,6.780346207987233e-05
1356.104763747666,0.039833304257509854
1427.5321647393257,0.10033719448333686
1455.0509472948627,0.0051442531003801145
1457.7225219887844,0.01656627203955612
1496.0026213300762,0.00936521526913569
1545.5698226441832,0.07632829379872544
1652.1770875903314,0.0003119678293651995
1679.1807041926616,0.002717784214353811
1838.597283721099,0.32672551369647485
3076.1133467567774,0.0014669531496602003
3086.4465826992837,0.018753450152001243
3108.3650267376834,8.015639267617727e-05
3131.8343815850317,0.011083976665528097
3189.9239674124015,0.010334487814806604
3191.011085551971,0.010946411260842205
3226.7218610888394,0.003839290468693743
3227.3363886122224,0.0014791847411390181
3796.18638826418,0.12050555284653197
