frequency_cm1,intensity
0.6872314264842015,0.0
3.8680003492736776e-05,0.0
1.6334436959906172e-05,0.0
3.4774469807052643e-06,0.0
0.5468088401542456,0.0
1.2453407992260368,0.0
51.4636556434592,0.001929961539128099
79.18547242048726,0.0003905996971482194
167.43230478959623,0.0008667373805618838
206.75021983550806,0.000559784718488023
245.7039174814597,2.5641465202332203e-05
255.88184088443455,0.002774578582503998
295.4457935104022,0.0009689349690984987
331.46452251795347,0.0021341978544028263
376.4120911453965,0.0007563655702350285
451.23795190362307,0.00311967311650848
519.6474088515921,0.009503867074458636
575.3468044750584,0.041065070056144286
579.8210000617798,0.051943489840480694
590.8719012195717,0.01659339993297976
618.1067941392766,0.0036786511972622133
633.1387972722925,0.04593655127561972
650.413860470643,0.007984018765814362
740.6440161132255,0.0285972365171422
752.7175735470785,0.01300397153777188
815.3470868669908,0.008281814293223446
865.435891259153,0.000985864605226071
883.7571682308732,0.05810271681371775
1029.0775341053059,0.028176440603730805
1084.1273205078621,0.13425125731416424
1127.2415087050895,0.0817472254463304
1154.6410212321873,0.12644499691109767
1191.2474926686423,0.035635612020442804
1219.0340488248062,0.22999609085518818
1317.7115192475578,0.00410337952781694
1382.432291207934,0.13812384197711625
1404.6635154463752,0.012335801405422248
1495.618114003468,0.14138088032184154
1542.4438149601808,0.035364235584122064
1671.164745011758,0.16723240208147955
1702.6788698341263,0.3018211240000067
1845.0770194008555,0.440632285794105
3254.344573033068,0.0006193879879299246
3255.1511064100173,0.0031306850954602038
3797.0879707624717,0.13540929648296834
