frequency_cm1,intensity
1.2778404947552962,0.0
0.6018359744853597,0.0
4.6936420033026914e-05,0.0
1.390202384677208e-05,0.0
1.8586124789860372e-05,0.0
1.0691912084253394,0.0
54.91415501423576,0.0014365189985372571
105.0024620064226,9.037215917558237e-06
118.33087968903146,1.0734299384533497e-05
147.4594043489492,0.001017388193648231
196.03432577158821,5.2261256448953077e-05
222.10509616583477,0.0002909334701401062
293.7362084301784,0.002902620327271269
329.9430026550591,0.0004161115061431628
345.81475259987485,0.0014168085208252318
363.02911633070295,0.0029989103785498746
384.9714146642345,1.7546557757260853e-05
474.4680338867056,0.08431061826736927
518.8396726721589,0.006836521480841812
523.8542015960021,0.003908417468327376
538.6482612723288,0.03182593095773657
601.5336306427793,0.03310314098163757
615.064969039936,0.0568905149468262
643.7315689677426,0.07665813143803127
763.0652586486865,0.0028993049940283402
785.6348244656683,0.005831211489119594
789.46834841093,0.05000603340146616
817.2540177916723,0.08671539473335452
921.6687708948747,0.002058187026137238
942.241219924838,0.004301242278509787
961.0037976164285,0.0060846477907602736
1108.5399095050975,0.00253054510276501
1151.0719637944467,0.11130337324120188
1198.8456181103807,0.1230311187257034
1217.0465486371966,0.2593368893501196
1261.6886844078897,0.11277741947120845
1323.1443148637898,0.03822158888468891
1358.8716965294363,0.12402125609226534
1390.800374506741,0.21448496145489893
1463.8951483417031,0.04560842635415266
1532.0801221251577,0.09313820882599604
1648.8928968745424,0.030887782852560275
1666.5074553005575,0.04884465842099958
1825.802608326014,0.4013604327104746
3242.058567197644,0.004854490220039064
3248.774101909363,0.0016056926842539317
3783.5748651980302,0.12351652075589463
3810.0084171453923,0.15490322062389675
