frequency_cm1,intensity
2.3141131597382582e-05,0.0
1.4002037121024573e-05,0.0
3.5589216031330785e-05,0.0
1.0591126429630964,0.0
1.8876436927911302,0.0
2.731754976593862,0.0
45.93528186176395,1.6470116129220758e-08
91.43893661440465,0.009078365414430254
120.66528912448803,0.0076293578659879435
249.95014772740416,0.0004937045428103925
331.76102885417066,8.226968882729355e-08
355.73480916191755,0.0001282709264843087
414.40236200542023,0.0005767773719317801
414.6443215730925,1.922909979956226e-05
526.7682156770624,0.0004784101771367151
573.7046303340782,8.832318115391247e-05
641.6981958549452,0.004637119450679434
649.0096244945528,0.016655240775780355
701.3414236624775,0.02104241375083419
815.5242056675264,0.05315083913283063
816.0323074294383,0.004539777980888358
832.0191233771262,0.005046490590455881
836.3438663143477,0.010380862348280182
877.7139279917185,0.007968903144639833
1018.6218628568715,4.078831361793658e-06
1019.3599334006014,0.001144167841558046
1022.5727225430255,0.004388885022086886
1024.5969537779258,1.8398463495865348e-07
1033.824483196915,0.0003383379609988181
1036.185110856756,0.00020741652361338264
1101.3846579389485,0.0028891008046416284
1113.1899983664136,9.262557098390302e-08
1113.9630974006557,5.9857375344776656e-05
1127.2480675093757,8.427915183972762e-05
1186.6896731763038,0.03996567427032717
1198.291672455287,0.001933931566464684
1209.6363248803145,0.005041986541055711
1292.0687938965214,0.003737168607927887
1317.63941619153,0.0008512425853873193
1380.2298328560667,2.0043758765871486e-07
1456.0572168605834,0.2239108635797721
1473.4171760670647,0.002703128217047473
1487.0661933487295,0.00096394806556732
1530.160883253298,1.0419609828676204e-07
1638.1509936838136,0.13897740277498813
1646.8052869908206,0.030114728049670372
1652.708720818688,0.26235038052524295
1657.3956184511335,3.8331910396844435e-06
3185.513533053542,0.044982653685048855
3186.1589387282675,0.00795328789065219
3188.925038428702,0.024664902014158167
3189.500696231358,0.01273184948940565
3240.2260537721922,0.0030266892891532508
3240.458881278036,0.004136108157939138
