frequency_cm1,intensity
2.6983585330706226,0.0
2.357021581590836,0.0
1.9873924541681092,0.0
1.4787563737852265e-05,0.0
2.212671783833514e-05,0.0
3.130372990731501e-05,0.0
158.31497713608613,0.00031239778152770053
229.45224912793623,0.00031672342093644
269.4757080482192,0.0001478479465640018
382.8335821618684,2.4824752793018834e-05
457.373336350852,0.004324811893677391
504.0484202665886,0.0037519866479018035
555.5564793307387,0.0001467360529798925
561.2336227770079,0.005730355246935631
700.433698621421,0.023050307718500803
737.4174078256458,0.0007157611457835447
777.2594750938936,0.07122985612456345
843.9017799999463,0.017819198957316
887.3834399394817,0.0009398849276567415
977.3220851456326,0.0027036530078856295
1019.0639822308633,8.1122851487797e-06
1065.1284187586166,0.009229541109168026
1096.3835953542773,0.03199867556030548
1154.8487690677105,0.009170429040225483
1178.4419089794683,0.002351401350761868
1274.4996283679532,0.0352199792268606
1297.2389754900353,0.026184182302751054
1302.2923586407408,0.01796067574015177
1494.5230596716444,0.015341785834885246
1536.2422321762756,0.11721864949672277
1664.1176840207102,0.025322818737350275
1671.2563992897783,0.0025468469674408013
3209.686735209895,0.0007062718864273938
3221.3997290738475,0.007443394459636148
3230.554664468707,0.0038514745082448556
3235.5018411774086,0.004010458988854755
