frequency_cm1,intensity
2.3607551253462632e-05,0.0
2.3142884155187015e-05,0.0
2.997114382850395e-05,0.0
2.0887384629459707,0.0
2.4684493465478075,0.0
3.9063464513239694,0.0
59.44841555426107,0.00017646419744958916
89.83585113835765,0.0017813433600870402
91.45088899962371,0.006426195367447079
212.54265960169397,0.0022067783833958476
227.42694120609588,0.018137244113474546
237.87484563931798,0.000512001833836971
255.175723364254,0.01701940451171058
323.3332421829444,0.004736100874294306
430.2649377068331,0.004698731499355512
700.6163175988996,0.0012515663865164833
762.5642097495445,0.013869255415723815
785.8272168129123,0.019032620222364616
796.7736742902252,0.004061227255949045
834.0286868897189,0.10039864375324593
979.8100052611253,0.0029739743891588175
1007.890293804073,0.006026275478501627
1026.165278158129,0.009922357527314204
1048.3368354730953,0.0012390815965277878
1080.3264819040126,0.0141525666706277
1103.64263217126,0.010868739596549184
1155.047043956159,0.0059085003272232855
1244.5526204897922,0.012395612866031453
1268.651116885132,4.0576193833227646e-05
1300.4633614831005,0.0148399912225312
1305.2205680217078,0.0027334050211895453
1335.9376215263558,0.002211570894144523
1412.281971900122,0.0027823211037474346
1423.2803448791858,0.00413377479424401
1457.6640305443852,0.005293968459550346
1482.1851553045806,0.003900863134447105
1490.4477185310989,0.00853992329274001
1495.386568515063,0.002935793246768544
1507.877812726889,0.002549930679726385
1659.9122048192196,0.023979645503647586
3018.4481289909154,0.043919623180843116
3065.0548791878305,0.028271477418842457
3069.6437997349017,0.013691319402718777
3070.5354076667495,0.025069287517195605
3089.4404872760992,0.02058910929890915
3111.8223899161144,0.004253779094985692
3123.173863349812,0.020401856075663482
3134.400108715647,0.028881789310639724
3140.436280563884,0.028108829919648724
3540.7225910648767,0.0007859953290905793
3613.0151074541727,0.0031136945455887497
