frequency_cm1,intensity
2.137003736749581,0.0
3.817701684771731e-05,0.0
1.4988537206345932e-05,0.0
3.178555866352878e-05,0.0
1.0910047169074533,0.0
1.1711572572026474,0.0
44.67395111470175,0.004618402514960364
67.02125863911641,0.000734473948561958
119.92716473252808,0.0001698649208622509
155.12967395849722,0.0011430670961958193
205.36929403491945,0.0048563901023459324
254.89572357418513,0.012148509235695801
314.70549799094107,0.061072500548293315
354.26168906611804,0.07545253005105773
378.32625028043987,0.003129366997535696
401.39271864607736,0.0008638148973080091
435.6365172776658,0.003012625451379118
443.5915858117993,0.0002851190213107718
525.1840972299048,0.0160384023081559
572.3145038600791,0.006638266966314025
620.9723628598178,0.019213534617186636
702.1918933362349,0.010692552349830464
738.3634658892717,0.007672925806713265
766.3611789948754,0.07654181626325204
798.7885892946017,0.020166291341767156
812.7815227322881,0.01471495750969349
862.0789149178094,0.018472559392064675
872.0634942480071,0.026855430625353924
937.8290628525847,0.019166444454943227
947.5471318473949,0.015436807272012906
988.7300959063823,0.018860200106244524
1019.1922163457291,0.003183993924889616
1082.7973241023412,0.09532045261195503
1109.0480956032116,0.04585155689367126
1164.4118907277862,0.024114410538968463
1203.6664758036593,0.01919192533868507
1219.940420078674,0.14247764738930638
1266.51490835315,0.03600754919134228
1290.610663842682,0.1423025808481023
1336.1645141802785,0.03445978786676154
1362.621259039336,0.14092392805689868
1387.4975913440503,0.06928021028662654
1413.3653645243066,0.07722327619197436
1422.2837300849274,0.12562466866814034
1486.4723433044162,0.09754664164170945
1500.3938807922218,0.001948302085172062
1551.9177074122654,0.10379106227427168
1639.41021666185,0.24272062866865293
1657.6225794330187,0.0787392018467211
1713.3671139027533,0.15813271349036415
3047.4185394050824,0.03710704048176049
3109.600246976597,0.014660914461102518
3210.920025640501,0.0025017408416786544
3231.968809711007,0.0022205979982805007
3234.34215330543,0.0010253200081368338
3581.5361941470533,0.3192259736294767
3860.230964300947,0.04829417594393701
