frequency_cm1,intensity
0.47328913215762175,0.0
2.810497175364255e-05,0.0
1.853179842319991e-05,0.0
2.5052745828290783e-05,0.0
1.0084963610061153,0.0
1.9107817778690486,0.0
42.61505777590794,0.0012490613843957597
77.41165207007445,0.0002965933047899147
105.76575469278276,0.00027490554615673977
160.4405026633184,0.0011389761957290073
166.31020187233108,5.2632854347026474e-05
238.8779092351943,0.0012390727358395181
293.20298986498346,0.00216573428243712
318.46430106637075,0.0012958986235124636
363.4343250891281,0.00010064328337342399
410.8486779328519,0.003941452924565702
432.50175377264463,0.007815310273585278
495.053498897587,0.0005460444086014106
545.7537100588191,0.011878917840326929
589.7143913028954,0.002504039695197365
604.0216973866,0.044836101622535575
607.2572828557119,0.020828274589159597
642.9312321741351,0.03821234956199777
664.6945963523393,0.024134746779530085
744.0504947556001,0.04503986495567695
763.1963360438322,0.02608514420292801
797.3028786066026,0.04515201563129784
813.865015940038,0.003199972599483707
824.2132570653303,0.006135702330541362
927.3711519582973,0.0007574840187353606
1006.0440647905509,0.005610720155378146
1038.8553115698192,0.00022387639570295757
1062.6876080366505,0.10692993420250908
1084.9558109823051,0.02953205764472028
1127.763250530299,0.08888067923790878
1152.6135311514563,0.05458099082842001
1185.6504760755336,0.20605232395473666
1189.5702380495325,0.0023618880266812105
1195.0556008697254,0.2923769980298414
1220.9548471335756,0.14935671307650364
1310.4522102941585,0.07640575602699468
1320.4745474437607,0.01831924085805211
1341.6698211771534,0.1897602264832132
1380.6002500263392,0.10944208095672743
1496.1946474775154,0.007307799483293658
1549.6518720385543,0.0033984492187527178
1663.3457353273218,0.006340659266079831
1683.445514864983,0.004065962036787774
1849.6240887947902,0.35121995487091484
3208.0670536499297,0.0010828149074011495
3222.41231173077,0.007523893940023889
3238.1526667426274,0.005481498083424656
3242.877523427522,0.0024769336640884008
3802.2428131195215,0.12861072361685832
