frequency_cm1,intensity
3.9004497094397483,0.0
2.7584329135016295e-05,0.0
7.587487163912386e-06,0.0
2.8592780618416383e-05,0.0
2.4643606102506492,0.0
3.6028904984064622,0.0
279.15679782387815,0.000607493167000085
308.5273010380809,3.7844546089226226e-05
563.3261460042772,0.015737623936624565
780.0821841554479,0.00034745621043663855
816.1111555499282,0.009103187428488167
909.0194927572809,0.007408159630120049
963.4704141267322,0.008045184680679069
1062.024133772694,0.011718608612883607
1073.9705763618854,0.0025281196621956105
1087.1240415940995,0.001814123049692186
1123.598220169707,0.0005481575749770407
1186.3877887717351,0.0006415809652287101
1246.9070092458971,0.005941597976051459
1302.531274620006,0.056700157057547634
1455.2719829390214,0.006310036571134753
1497.28465616144,0.0053858631863741395
3166.0686252257724,0.009698268149451838
3170.1994912356854,0.004135002375750507
3236.7874726976784,0.0033329954643008452
3251.952069012893,0.00012715673407697457
3262.702281688997,0.005143298572349677
