frequency_cm1,intensity
1.7731692162458032e-05,0.0
2.314493407942708e-05,0.0
2.445988969645926e-05,0.0
1.2430032664580823,0.0
1.631808014312526,0.0
2.139239160003658,0.0
38.504937648056035,0.0070474484879402746
87.66112326686589,0.0010045285501017194
159.0121368057383,0.0006700541490764496
184.68167475237559,0.002982938384365528
234.07799233112615,0.001697794738172213
240.68455129869852,0.000657971921375062
345.20357029239267,0.002274375612966482
402.08580736039136,0.005578226231488711
437.8135558092805,0.010108408910148102
457.2720657892161,0.08165150135774278
499.4166682226599,0.010512631414733475
556.7652717166186,0.00860876194532314
579.1506968091091,0.00047721371747511587
591.9278795009252,0.00465022445691516
689.8174017045898,0.008063871150391602
737.2402327962434,0.01385110522134992
787.0964598780969,0.014141107513189154
799.9468589168582,0.01388077172832422
827.397807542382,0.03042018315713308
922.7503413277885,0.0008523493685815529
931.4060249510784,0.08910970096027389
1017.8480285703564,0.0007853118307492059
1084.9663761935321,0.019484073059106537
1123.0894012258673,0.021588980621041535
1176.3975248404752,0.0007317887411852805
1217.6691071931195,0.009393062771057278
1224.11216801611,0.025603652580164202
1291.2068763593695,0.021383346099793046
1303.971504494166,0.030669010296826088
1339.489569769677,0.4522667357411396
1495.422193495582,0.03589447500978752
1508.6730365248382,0.1007583364727824
1648.8425219897188,0.07455336890488452
1681.5724042482136,0.05715353025044648
1880.2752076609922,0.35624703453128753
3216.9386062337435,0.0040828739585382495
3237.6777368650874,0.00023543980937747928
3241.7443361363116,0.0004295755174345334
3843.560968913565,0.06733694202351974
