frequency_cm1,intensity
3.0921588535174385,0.0
1.323749585443975,0.0
3.407626738575626e-05,0.0
5.372086579274415e-06,0.0
2.5725650761349333e-06,0.0
1.1094553981130504,0.0
10.755508051062362,6.289217026563755e-05
93.59165494623642,0.0005209975100442303
177.76995265447206,0.00011196762320033676
226.14715408323568,0.003289655413294537
314.6059339880183,0.0028150294586958276
323.57224155795234,0.015922769423523223
359.70347841815857,0.0005964202321784808
408.8638803402126,0.009245706170180458
417.08182766017575,0.0005882481775874676
427.6249716426975,0.0007757901873846626
499.5200020115924,0.18075938404059377
538.016512928843,0.16758769525751016
578.1856861516693,4.764798388900146e-05
599.8863822777787,0.009598398882012337
613.3719395015962,0.006398671654264036
653.0783233972882,0.0012617471631439284
758.6951105165163,0.00240004506929982
761.4762763061004,0.0024505815060246873
840.7484077566263,0.00023758721558228687
855.6405697464554,0.019896055615703376
865.13382938109,0.052786868460313933
984.0065172765894,0.0036017984532512237
996.5963539062675,0.00012489782639237465
1033.0668505718043,0.013205455009207534
1085.370986930082,0.01333811882795385
1100.285784791581,0.10779144725655913
1145.433842651786,0.27715155661564134
1148.4909464806528,0.06455794674291954
1180.8209008876229,0.13601668899197136
1208.4846276744627,0.05239973090134118
1324.8222513149121,0.07780102211438321
1332.95716727534,0.02605533187761816
1348.9626753427292,0.4390510276916204
1357.9417620055697,8.837322275880273e-05
1487.7866819627473,0.009298940936844174
1574.8404529001702,0.029972534442488718
1652.1006548099408,0.055447160635428906
1660.7798153335793,0.013329509097745247
1695.9877614511104,0.19029181502954662
3197.145362395209,0.0038164058077178094
3198.061874584819,0.013861184440858546
3224.412925218929,0.006807046699971908
3225.8839340818063,0.0005107398435040998
3613.08203646224,0.050141103731334576
3712.166681372612,0.026041583185412075
