frequency_cm1,intensity
3.1453881897838134e-05,0.0
2.1348152490952756e-05,0.0
2.971620382053914e-05,0.0
0.9848719907582175,0.0
1.0967806122149182,0.0
3.624474770426607,0.0
47.885089294139554,0.004762505091398284
67.77402548155997,0.0019041050123809772
98.52241869188867,0.004846768566939576
122.9984796730105,0.00035970233338354537
135.49977064607293,0.0020523459769752265
205.64389004546413,0.0025864994063898106
322.8645954358106,0.0009624485300018766
361.8060561477164,7.441302332628117e-05
388.03735289117134,0.0006584772965994041
452.1441681365587,0.0015104155755674132
556.9387306721471,0.0007884027857098867
662.9283985157957,0.012797330362848466
736.967454015166,0.0033596053823684987
784.8891681346204,0.000915736932763743
904.7030308818684,0.0013762431392512835
934.3327959734982,0.0017172539502988895
956.3898710796436,0.0033535989864190677
967.0292317477584,0.043343716455815896
1030.009967469808,0.0033497441708879834
1040.8534329686772,0.00871376225812473
1050.8603425159574,0.002472153970602622
1078.749468835409,0.00022707184024196373
1090.27051442634,0.00270245396700209
1147.363257246421,0.000517624406843744
1211.5365333366094,0.0007938159700635034
1249.2875405176205,0.0007132611695567766
1280.895553160392,0.00010784132294607685
1314.248675343103,0.0008767602406447884
1325.028574717421,0.0007376662660318094
1332.347380076231,0.00024338956345958855
1337.8285867721538,0.0005368855932255446
1379.9761827347272,0.0022294123052917798
1410.9746396167034,0.0006288748505408502
1454.2868606343634,0.0024396912863994254
1471.2065455110271,0.004550088533610414
1478.7132445967534,0.00223403707897285
1486.3697959097847,0.0011242867684244868
1500.9861760759266,0.012267043995192494
1737.4781103235314,0.017560509441938914
2402.9059239151866,0.014208443493417744
3034.209620301134,0.004267735576466308
3040.399600671045,0.031026177804748832
3064.8647371213956,0.011768311904439398
3068.581802759856,0.010705134155225579
3080.7515926237643,0.018002302923964604
3091.57484228949,0.01002842955569608
3105.6126600198054,0.025520015734553696
3126.426604763266,0.024009475346339494
3151.750388548036,0.020608516869944478
3157.27608083928,0.004885948144614328
3243.4429339348885,0.014295591420190618
