frequency_cm1,intensity
1.567778911990378e-05,0.0
8.336633513643476e-06,0.0
8.861779597063775e-06,0.0
1.3098219489543292,0.0
1.7907904145235571,0.0
2.366842463007141,0.0
53.60332809535783,0.006891083235535001
64.49998526815568,0.005268999178779537
116.20499178753758,0.00020380381511512737
142.34228845839394,0.003608575911350017
164.30115885751138,0.005331204405982592
190.96384980570758,0.003519688841967818
207.4376622650671,0.0035506408071409013
257.63020136733206,0.0012891377747410366
269.4674199734959,0.0006220577871311327
332.7514849613454,0.0012714417151654187
364.90644709288296,0.006449967860989463
393.5676479585239,0.001550465515171338
418.58803612361305,0.0020347313689126514
447.26028499438746,0.012624815359020556
478.9721688769438,0.01583770296914749
558.0932294621443,0.00048672135828364604
584.5827531960994,0.003096383639667534
708.4402366309904,0.0028505882832612545
718.1274912522887,0.0018760019970865817
800.3770313610752,0.0012513749210145138
829.7279306318701,0.016765031944748928
872.5815523065646,0.009058974089481742
917.2291687059158,0.029785652484046927
930.0707136109393,0.039021072483352064
965.4526698418141,0.012605003985214198
1051.8258637969725,0.0110009938577184
1121.1057698045774,0.27609099065066806
1165.886986342396,0.002632263562370893
1172.583033733995,0.001980619872769174
1199.6487139280355,0.01403543511886511
1202.250706069635,0.003882913451933873
1239.9957808256843,0.2901229441116569
1290.6107933096323,0.1188738246729894
1337.7476165399178,0.1401464787211354
1355.3177239055287,0.07512738141463472
1391.2468362399877,0.07215660361736559
1479.6536028137139,0.003073992315053772
1481.1323693107558,0.0026099863142609045
1486.1392985768973,0.0101926865431547
1491.7792902501094,0.012489275460919156
1497.3451991189434,0.03157253132519155
1502.3815736415027,0.017081836606839516
1693.3939631495286,0.19570304046364043
1735.5213984580025,0.04570538158985107
1760.564773299993,0.62982051075766
1806.8130049932427,0.17396398041682787
3049.46941688916,0.03182195523306494
3082.0340950504983,0.03169210845661782
3115.5062995645876,0.02541141190305711
3160.597692163685,0.0247628964688195
3181.359674161226,0.0196821824020759
3181.9885704772655,0.006652575336411644
3235.1015612714095,0.0017154085514021777
3238.5437960771606,0.0033847495475359396
