frequency_cm1,intensity
5.479536688909785e-05,0.0
1.8020644575191762e-05,0.0
1.1661898515971484e-05,0.0
1.5045433748308532,0.0
1.612437113482325,0.0
7.423113334636585,0.004135148687096822
87.26051697291781,0.003956089571733711
118.82457305579368,0.00527893043805261
124.11172375355783,0.0013447340338858015
252.84502876248158,0.11021152855618462
282.59706934932325,0.0021303718946055865
353.0060043768241,0.011719987583355946
408.19809986639507,0.004002815893450712
532.3962676613438,0.027784369015781303
688.4330702948603,0.046824297385435074
703.8383666990933,0.043576932375263056
756.0466813381151,0.0005989488521032892
869.8188980927897,0.00016316774455588575
956.5376175801905,0.0047929920068200274
1039.4464774531643,0.020167216717656714
1062.0347516371053,0.005637772288299514
1097.45542995089,0.08581146186151299
1116.565553186169,0.0013854347975396299
1215.4645526837046,0.0002993392667101928
1228.9337508024441,0.029785873004478155
1297.8145145174135,0.027527988602383112
1304.2891947312946,0.00015630329116428354
1320.6617049200795,1.5198534805973969e-05
1387.734795262687,0.0024911817913414167
1457.6355814948106,0.0053231313189994415
1474.9793300196327,0.0035854106072409618
1494.6702156792012,0.005772956842195128
1519.4932840416607,0.004111638576636245
2251.9409633513255,0.005144617646094111
3001.525183388035,0.049620625683222536
3033.579464444874,0.037933677831342265
3056.216245788637,0.011759954697547233
3082.8512818564845,0.020361693475086408
3089.764479866098,0.003141240910438414
3129.959901063494,0.028181090540530276
3479.926758341738,0.07262007782268919
3874.33279972753,0.05342181853950334
