frequency_cm1,intensity
1.4579235765459881,0.0
0.5865033591591013,0.0
1.888205057752703e-05,0.0
1.6039112375816158e-06,0.0
1.7707305117687303e-05,0.0
1.4656629888676898,0.0
52.77949094311652,1.7956363678105054e-06
66.72681732753597,0.0022036622924510663
99.97395806998655,0.0005399470950673406
206.05960086389194,5.250109382945693e-05
216.05128775064597,6.979060854983052e-06
259.00896727048666,0.009890247404282376
319.8331250203233,0.00011655404285305595
334.7442396430988,0.00043556640264020565
457.4709909706887,0.011179491213362794
458.5840226238799,0.005394360235343554
502.3587495110277,0.005006651726461881
597.1419522269518,0.0214085907847662
599.6349186797598,0.01310522636094255
604.090588064503,0.009662923291467623
670.0123584968579,0.023821622777018433
726.1970157817802,0.020186416884697113
734.9138560705615,0.0004728512452631765
848.4689379537452,0.02397242908297399
890.4714084810114,0.04260342905189129
898.049775366235,0.0189924158077297
993.2775699128742,0.0002478620527356499
1083.1681504730414,0.04567393258687549
1133.682791528242,0.04389604346038491
1168.7528081535024,0.017379520454744873
1196.2959499312174,0.004952479601099267
1275.0744378443214,0.01074535572660573
1292.9244837059055,0.0027142275164662084
1422.0001232583886,0.0007701363129378438
1499.5012952717673,0.07610715583599664
1582.0041814010663,0.17377433275673568
1643.6542547873023,0.028051514870264322
1666.517014351373,0.13750214926067839
2367.5142277352757,2.247963757398129
3223.318644945313,0.006501947521456847
3227.9754504568727,0.002726615732483303
3242.4027942388584,7.720433148109538e-05
