frequency_cm1,intensity
1.838033320851481e-05,0.0
1.728969876642503e-05,0.0
4.028421298222959e-05,0.0
2.0125726097604724,0.0
2.5232431662464574,0.0
4.0185172870151415,0.0
52.23397665649082,0.0012910174716082685
94.6005470650421,0.003407288722235318
112.552563229603,0.00017873192496657713
194.6928103735192,0.005583402169431689
205.36872576966923,8.174019033329142e-05
245.14470307289605,5.061012270889374e-05
271.4363886674607,1.9630920975238228e-05
311.820654456804,0.0031446241610951207
335.12531027584856,0.003811189086670586
350.8883539198728,0.0012589488887219163
423.58182814591197,0.0014227181973406084
455.6216645505182,0.002350421667727139
465.77744113955976,0.004729594890261831
617.4983584681212,0.007664724827435735
642.4866743559312,0.0032278194800540658
771.9908770263345,0.006986142322064358
866.9958173961019,0.013292866302700806
934.075667720493,0.0007385365173851677
936.929260907633,7.93356680231958e-05
966.7776457846721,0.007050735343286026
967.3871203083845,0.0001148400816627316
1041.7797725349308,0.07107435484216325
1052.733619731598,6.574645086109109e-05
1059.009151065581,0.0010174783802357691
1068.8239800059937,0.005859426831011436
1209.5856153870998,0.23839232846313022
1279.119481415211,0.01255380986618918
1290.5493495018598,0.04378943315971677
1301.7735359310975,0.2501281615996155
1395.8737967706143,0.05209935292225801
1397.8778466026693,0.028270410005536987
1401.7861666942617,0.06620128241327458
1422.2215997049566,0.016476734024493962
1466.1502537888682,0.01717550555755281
1466.2567769429377,0.0006134760527456731
1472.4667862990946,0.00879920111727956
1482.6900488875795,0.002028629753852954
1485.496915935168,0.0006975979663587557
1492.501505421212,0.009185547823206974
1501.5945783026211,0.0021151424942487135
1522.6017350720135,0.01345593417194345
1811.0902169835813,0.2722354894658868
3067.145573696261,0.010002103736775443
3071.4069598038336,0.0269398198240447
3074.47982214063,0.013320887264965763
3081.5202729387947,0.0039154429737200645
3132.995434574808,0.005892463772347233
3135.135393728321,0.012903821162838915
3141.874501190653,0.028752486425330123
3143.60400480328,0.05426130746620076
3146.427746699407,0.008166386949674951
3176.7744703090148,0.0003411493334860907
3179.4545361034566,0.01437120278636719
3188.1432130659896,0.005992516479159008
