frequency_cm1,intensity
2.3609571355951236e-05,0.0
1.0959678237613232e-05,0.0
8.524356718148826e-06,0.0
1.7722127154441074,0.0
2.150326688415767,0.0
3.856150787956238,0.0
72.1964832738591,0.0004028764768655825
80.90030160954892,0.0011403466914961993
137.69279878331676,0.0003967730370836826
191.77653256938268,0.0006406999928801179
242.99788607639806,8.19244542425582e-05
283.6974757324975,0.0007074800161607239
396.1260661235479,0.00010414020620873024
459.16630450586547,0.0021433667885212156
677.9116914076536,0.02004314476085696
738.3344592722796,0.008271801608099058
797.0286416917965,0.0049675053159705124
852.3561472759101,0.0015303706938850836
928.9138533444325,0.0037443181629831343
940.4591725089365,0.007264322854239333
1011.7665073175151,0.003265209753797588
1064.4795459391758,0.0032046569739301966
1087.9058408112905,0.0009645071013723841
1119.2275618638723,0.00032519604377399716
1134.9281684642508,0.002301575631890242
1217.5607608855198,0.0004548515401430312
1244.8297972037935,0.0004488769985250162
1299.0892026179984,0.0002982568287870712
1305.2116489487576,0.009436969331162809
1332.595599131584,0.005277388932226513
1342.7105747071312,0.02362748302222564
1378.582997294119,0.000698420746894082
1413.676846511381,0.0037687631825071097
1418.4932356752538,0.0011505007039477558
1470.5562469436998,0.0037477261196548492
1482.4115921991547,0.006032824451460551
1484.562526769458,7.116646887286057e-05
1492.7854444407367,0.001232250004371182
1494.3937870873087,0.008139886108435818
1504.2750621350538,0.008002991758294572
3032.9351347260585,0.004324298752337676
3038.416741713745,0.006445966178625643
3044.137036546966,0.0583605778748252
3051.690346838338,0.03501416123744271
3067.231447888393,0.013209293872850629
3080.925181186583,0.005892879016004813
3098.3312868843987,0.014869416750703742
3109.5572590012785,0.031945184220520194
3116.104984796066,0.07145038398657567
3123.798223812053,0.03924374746358466
3168.8199402930077,0.009252381332232844
