frequency_cm1,intensity
2.9954291363919057e-05,0.0
3.475396827060494e-06,0.0
1.4707206730942928e-05,0.0
0.3917671305384145,0.0
0.9936611780418032,0.0
1.4162018566035843,0.0
144.77119961337024,0.0021186412112493905
175.61231338122283,0.004760597840433274
258.74654430326416,0.013131542983110325
292.14010067772824,0.006453797915551102
383.8652111256521,0.10655991652050452
434.1871626503546,0.0028827698169688657
463.39078324045386,0.001488496129380564
483.6508587528488,8.969964661689163e-05
497.9691129316488,0.0033095522998400967
531.5854419770163,0.06030961579622687
563.3753935655195,0.13275817387434025
587.4020399628804,0.004247545620492553
600.7721816682154,0.017887907252684056
668.5111602887532,0.011819579802485
730.6611838602238,0.004990521774808776
764.9429904126569,0.027748369712019095
816.5271136653085,0.05897064630418537
821.0173713061682,0.005334349765906805
857.4415066132852,0.014072114321484395
890.1666874202457,0.0003014016402317305
910.2303171006208,0.0025289556353900256
984.5489932693621,1.2022568447884088e-05
1000.0823555728027,6.30511847063156e-05
1019.8299627016127,0.0005991975091692518
1048.2324794491292,0.004402377926014298
1064.44979292965,0.00025092631146626874
1114.5847508085803,0.01172879245598776
1145.34149728214,0.015190475283058766
1158.0395228341927,0.009270571512977376
1210.3265349161477,0.00041075009829260304
1237.5222603873392,0.005747270471346816
1287.0809097427568,0.004043873946304173
1311.471919969229,0.011412830317785552
1381.6819362547624,0.022872952614964706
1420.3172837955294,0.07155680744238094
1441.1197643249825,0.007811380456033607
1474.1973292025232,0.012448993513654846
1524.5384046539234,0.03566074752978941
1562.2576796310605,0.0800294883206498
1614.741139113056,0.11285288983813437
1658.454611183711,0.0930453368446484
1675.9014409309134,0.03243771284114103
1702.8874670769787,0.027119237365644217
3168.2017370741482,0.025253306010458335
3188.5907258543452,0.0103297906326346
3197.938169168311,0.003060878405714506
3201.6080936168973,0.006763589600298765
3215.70761367904,0.019225627370850533
3226.0871879624015,0.014194783728512156
3602.688252573923,0.05114305927299652
3719.8267742928133,0.049340113248210624
