frequency_cm1,intensity
2.0342561142583806,0.0
1.690658396481274,0.0
4.2777558700412446e-05,0.0
3.285524929571515e-05,0.0
3.389186174634468e-05,0.0
1.8429188330258544,0.0
34.23691329530527,0.000615815335990102
67.37567545943827,0.0021331587457598996
111.53690292590508,6.003692062074968e-06
183.00056432892097,0.0010190597939870273
200.38157498457196,0.0004033306173362081
204.08056805614444,0.00043280607884227856
350.0587973877466,0.021779566969156807
408.2957027188002,0.0005698184428106403
485.95682334171,0.007270439991628593
510.01513644328134,0.0013001493368788631
685.1221490587618,0.01176234773905056
687.5188271494986,0.08025482217284077
822.5780816438051,0.1888020285309815
865.0702385615908,0.00713088301972884
918.7915802400681,0.12983469596930985
1008.514282124623,0.036767239530481714
1030.166011329132,0.03001747552966051
1084.2370836586408,0.0023088559376329004
1132.0105618084256,0.04424561998162933
1197.0551596028095,0.5606862919834502
1318.3059539345836,0.14283322790746397
1342.5308343269292,0.25177854674556716
1408.0116698499546,0.0020606188334879767
1474.996155309688,0.009333833509109667
1478.2768516899264,0.061315281135816385
1736.069067800251,0.3897717017898634
1785.6531307039295,0.28013904203353573
2037.455652954224,3.099011126605234
3052.7008042137427,0.011430232265542937
3108.9940421006736,0.008378676631947886
3140.35768778736,0.00933879190897557
3179.5012021477914,0.00245800882440225
3214.444326299919,0.005970741639585933
