frequency_cm1,intensity
1.976066475344109,0.0
1.542603983734925e-05,0.0
2.2524970843001396e-05,0.0
2.8509774283336148e-05,0.0
0.07199368657938454,0.0
1.3333480391180077,0.0
112.65044359920458,1.0548649793969647e-05
133.94093390297886,0.00014918334262110954
152.38602388309067,8.46135211749657e-05
243.48961701750213,0.0020188108683082333
289.83159717918926,0.00045629720100461653
330.2024352569632,3.016381721090451e-07
339.4794975916296,0.00012588289721611308
428.0057916606897,0.08047388155445137
449.44365399168316,0.0014711901312456865
499.2980765200163,0.013547867388061716
564.8034545261411,0.004227983649569017
640.8967903130865,0.01970441998505601
705.2332251966124,0.0406813482343613
731.4726344808555,0.0006109721427094172
850.7765934265447,0.02679768433541094
862.6012934602114,0.0034536576349059782
913.669303011433,0.00876447773550724
986.9429868782063,0.00015916200163399922
1067.4614454813495,0.012184981223786712
1116.1151948813565,0.004815262225222404
1166.5440667681505,0.0002620083998716673
1209.8241090462368,0.1313676033219549
1270.9592982782465,0.0031454959558235504
1315.4787493793428,0.10826237517609832
1355.5944895620096,0.02745485031940684
1451.7569462271908,0.00248695243670934
1526.1070213290634,0.24145387471397595
1650.1466486579504,0.016923013807462188
1663.3910381565636,0.007085517619147087
3222.423720689072,0.002431755848189506
3237.340538796787,8.700180802968681e-05
3238.197222947455,0.002007240775338379
3790.933613088884,0.12153962076677874
