frequency_cm1,intensity
2.623493489996787,0.0
1.0094519961423711,0.0
2.609525894007458e-05,0.0
1.932022780530512e-05,0.0
2.5114137208826427e-05,0.0
5.431640831674597,2.2963220702515185e-06
94.88453059290259,0.00023051314701738026
167.2727124087672,0.001044412007194619
203.2897271434607,0.0008385875318808433
208.60505627065834,0.00028545162962492754
248.62333928854534,6.749874980902345e-05
290.9397750781386,0.00011593710192571563
340.83120314656355,0.0002657451088279207
402.0510857939386,0.00029799883800720644
440.66362065676077,0.0011501516255489961
576.6732571700408,0.00036551106231077287
805.1531089420689,0.00033882786669956193
832.5835451102242,0.0001444330628024388
923.9532199329121,0.0006505194656280525
933.3691571909134,0.0034663478858585903
973.385773606285,0.000412369830217702
1008.2177597509663,0.023407630296797783
1014.1965569425945,0.023118382849780957
1072.4884808815798,0.0017882484365196643
1078.1913471226892,0.000837020958857851
1135.007846046898,0.0025122794246891446
1164.2737666412054,0.0012904152917948435
1209.3730649977515,0.0009185838098179743
1314.4116071224025,0.0009631300204066103
1331.0672986951558,0.001199347932395064
1348.6580921116665,0.001425110206299067
1370.2838359318641,0.005131132769113399
1399.3055545368647,0.006586764469360462
1410.6601669006245,0.0017726219295664584
1416.72057009621,0.005779357898160155
1480.9728262765489,0.0056404885376999565
1481.8927636554224,0.0019744724146308038
1486.356796658771,0.005527590564682943
1489.71079723968,0.007859703565373062
1495.9942914145777,0.008904190461785014
1506.0573085057913,0.00772813267209145
1768.4512893200374,0.00032301080969566787
3018.9414940944753,0.024267154021464604
3045.874442857849,0.03930915434632947
3047.120791722409,0.031737601302781075
3054.147153005882,0.020194579809898795
3096.5975677645397,0.019430281240737538
3114.1899478905516,0.0030733612370747927
3118.689632339761,0.05696632946967475
3119.750918368713,0.03774790705077951
3125.213226568485,0.0028767803564724616
3125.739714441667,0.032886960222468606
3128.8993124380913,0.03751630292678136
3166.075673020558,0.027829403002108125
