frequency_cm1,intensity
8.493385764872013,0.000121596037189787
1.5944268785946671,0.0
2.4537054326309384e-05,0.0
2.8058842382183436e-05,0.0
4.370917378476802e-05,0.0
1.6330100742218134,0.0
87.7038167249771,3.4308845840922144e-06
116.23993563323366,1.3758488034311202e-05
121.64227370894038,8.050209763954518e-05
243.69133679191646,7.295329160582777e-05
274.61340544609203,0.001999552116338742
356.32013266583016,0.009585406829938884
385.8756569354951,8.598197277636466e-05
519.7649312548775,0.011294502677973184
685.1151682170924,0.046438699049963825
700.8783422615041,0.04346587371981956
734.5295666338177,0.0029944218858632093
792.6227880258945,0.0003457714479099043
913.0837242422208,0.0024628610799343176
935.5762254503035,0.00010981032558300784
955.3350945875274,0.0002029302818651641
1045.0171090018043,0.0012586581640616709
1081.3225900418292,8.708588838194228e-05
1132.4760140544722,0.0026729760751931088
1134.3915611400305,0.00045594226124222575
1241.4028746018307,2.113814350170285e-05
1275.8360142805573,0.003080881148261366
1314.2155723223352,0.0005331259664263576
1331.9498705201595,1.243360568839345e-05
1361.5694951862783,0.002039685815731574
1407.617407890759,0.0009853978896995712
1413.4527222860431,0.0033693474358613977
1473.6536922704584,0.0026328171961255585
1485.039172433426,0.0009197400623404158
1492.067846556419,0.0015276118920133925
1493.6935722418855,0.008884705783243688
1504.236282151606,0.009132841800332782
2248.890746035055,0.006878844088557852
3037.168261707194,0.0190467978066974
3050.7106607631354,0.013194453321594189
3054.134009011318,0.016277417545555797
3063.488769894427,0.049901251676259514
3065.8974811098938,0.00554288888695545
3086.087988160534,0.00114671144864988
3107.0063692104322,0.014918871912163088
3117.5363214760637,0.07214988462143689
3124.445735794235,0.03731422102463616
3480.4005479130515,0.07224728680660192
