frequency_cm1,intensity
4.074686769584772,0.0
2.8122525007478503,0.0
1.756287360916929,0.0
3.352920461562305e-05,0.0
2.2229492679184305e-05,0.0
1.8971755575500863e-05,0.0
67.86204628645856,8.387680751957135e-05
95.03688526586446,1.84006754264732e-05
204.6972581497431,3.319468827346487e-05
258.3228120987881,2.3209706927974384e-05
314.36026744521894,0.00010936083680782491
376.1183122968026,4.468141425700709e-05
560.9913329824888,0.005727180411411143
587.4975208562123,0.006046710438067227
744.5222274558352,0.03335084094979569
764.7173797609838,0.0006206529791821852
785.979421496649,0.0032955434866262638
845.5958273851269,0.0005456829197529266
848.4688068487465,0.003830816731183927
931.1595796703064,0.0059272288098569095
942.7000544357492,0.0005394917955961519
982.8587604314947,0.0024317817187628882
991.3439379491018,0.0005906477609791686
1007.0903752273719,0.0019756995476231526
1037.540074344508,0.004157064730947555
1087.8445167581858,0.010611371581531878
1109.9736166617108,0.000947227263665905
1136.5580312202862,0.002873509134417021
1145.3899369587825,0.0017789616884575598
1198.6988838079799,0.0009912943588409496
1239.1598372810342,0.0004761334177082702
1282.0747012281524,0.0007878446316999395
1299.7416468961173,0.0005522012103976908
1315.8629458094738,0.001712821321620522
1337.4475521315817,0.0009086836316944132
1353.6291699942458,8.875693480905897e-05
1372.6892663797983,0.0011460988150937064
1401.254921632217,0.0033999229359646145
1418.5042017616474,0.008598159290221175
1478.9863479576065,0.002147895762831901
1482.821917150434,0.0018259689472704605
1492.538019929165,0.002632841891521437
1498.4331536822026,0.007312898962097457
1507.058429689805,0.007268898707904962
1710.9338932739417,0.003968554644190811
3015.2113249269523,0.02156259808043867
3043.331901980644,0.041240892913175155
3045.3576006654685,0.06587496309375059
3061.299649335014,0.023081842592772392
3076.6200315459705,0.01890292358322786
3081.594356858994,0.020284815893436607
3091.581140951607,0.03538170696028827
3121.6922552051233,0.05250043389771876
3124.9166538719583,0.03779504609632899
3130.0811954405017,0.03534519624811163
3188.5088795047295,0.009355336675690438
3214.4303723946036,0.02349056917994731
