frequency_cm1,intensity
1.2130267087244258,0.0
0.7689851917331604,0.0
1.8132882947228977e-05,0.0
5.7867341785864645e-06,0.0
1.3860567578383672e-05,0.0
1.0030077629419714,0.0
19.64716005620024,0.0011937181670749837
54.514933130665156,0.0004917878637712207
85.14951468184694,0.0003436945274763962
113.19450304857484,0.00015616205991129112
133.27299855957003,6.799052846941339e-07
155.61355750603855,0.0004901850945629861
201.97950459710805,0.0017862021370112489
212.55733332532233,1.3516724878198635e-05
243.44729463969372,0.0018126016416677917
257.87576623709856,0.0010972573296712826
281.07124747920875,0.00032168443617449586
284.55174647616684,6.303090188092495e-05
319.2345971223302,0.0014152461652038885
353.96810219274425,0.002279215375007493
400.98563546980637,2.667209845559072e-06
405.0641079963145,1.355637252701529e-05
447.22241705310813,0.0009165201181885621
474.0717638536331,0.009126026852254773
491.9897197047267,0.013904784758456494
582.8312834890044,0.023976572849397214
588.220217070637,0.07003100697031436
609.7996559638107,0.0595855211332693
664.8161710820148,0.02259355396756834
687.4845457904855,6.420270211827528e-06
697.9717771087642,1.8487563259100034e-05
745.0585467439521,0.025579214583633877
791.2649823266556,0.0017589365229893261
791.4759268746849,0.0029088496252621483
921.697557744872,0.014995949160418557
961.6488166187205,0.029465118054538175
993.5223887228282,0.06746332595968214
1024.6391005575515,0.025006732633800283
1041.6129537513734,0.17613061311749081
1165.6486530921013,0.4837710983943384
1173.5784888249166,0.057328919720139475
1188.5083262502942,0.018963577915346884
1263.4454418928751,0.03930804576837332
1288.8381533726044,0.026124345285943137
1341.1293763447275,0.08672234645577348
1366.6952733217179,0.006782513697653762
1395.2167939507108,0.2326269707823168
1469.3693971348773,0.015110921012357066
1550.5559387275623,0.3927776806390467
1569.413874397762,0.277565517532621
1686.9671885480723,0.0203775022234076
1711.4662739156192,0.05251623732474609
1733.6814946152367,0.19987000563860852
1823.5743560396766,0.3087035937533326
3208.6374381756577,0.0009192921855664455
3287.6367093068566,0.00038421570050672254
3799.027318870858,0.16993554812132583
