frequency_cm1,intensity
2.2220006259786174,0.0
0.6800023290649475,0.0
1.871918604328722e-05,0.0
1.6813632446117588e-05,0.0
1.779507848232888e-05,0.0
0.9983150635729673,0.0
59.11667082611687,0.0017136190830743764
87.6281933574447,0.0007529905100649484
130.08171898011716,0.0008545442335607157
146.07880455249534,0.0004789266418343779
238.23402515962252,0.0008107243501206821
245.61598794661973,0.000286169052445765
290.8609827655449,9.835240274060403e-05
338.32332474995985,0.007874919035115576
355.6758300938181,0.0007981988753141546
380.4610431101287,0.007675515975697306
407.0970622154672,0.09242125518935218
445.96780091456435,0.006681091325950613
460.9392652961122,0.015859038480165028
547.4510767677735,0.12203361778639046
601.7952218901236,0.04163894085042294
615.1537149373073,0.04113020632397902
616.9507069804633,0.020093510112230078
654.7754974260221,0.07107820513435448
692.0028398196264,0.016943831891547863
723.6081138837241,0.0022858338599184586
760.4022226883233,0.007336980789145124
780.3148101739146,0.016441175072059187
800.141621879867,0.019824983609490508
866.2026334928212,0.03448560632000225
968.2221532818088,0.00557601725067843
1051.0604731308022,0.004990909814092448
1106.5586983425908,0.07860814802626473
1176.2789513610112,0.042082396804870255
1182.7195525867419,0.17850426046444373
1236.7120548279925,0.38553882289592895
1264.5168492752805,0.234778683199417
1312.8688167231749,0.040740263512721066
1336.9416970863717,0.10585309498805902
1355.8413171265247,0.05599529630473376
1401.3048474263499,0.1399762162103883
1508.5489879450336,0.08569925830595074
1550.768114485505,0.1492501866905018
1653.4319357089519,0.10131938245448524
1688.3931009672735,0.33685294580789005
1830.6734481397666,0.4384839818597674
3202.4020969521116,0.003784150017594378
3236.3402802951287,0.0036290900421793023
3746.0903808611697,0.34916257701366993
3808.8287686402987,0.15049882215298602
3861.54069013487,0.14115205965267844
