frequency_cm1,intensity
3.0028039102158406,0.0
1.6012169573687583e-05,0.0
4.7692309917596355e-06,0.0
4.205662406518678e-05,0.0
1.6026751569859767,0.0
3.028726992807673,0.0
362.6658262578174,0.0005143872260991037
410.07338935570533,0.0003779968225230888
596.7682509118483,0.006103176292707302
807.9513299478558,0.151151789817423
1119.8854239643715,0.2347301305310421
1141.9032185767744,0.2232141621799525
1329.2179768621618,0.061465380560446974
1366.574514041855,0.0107143724166499
3163.0323356712374,0.013604867326766898
