frequency_cm1,intensity
44.17701024276268,1.5917720894800782e-06
0.963975547222411,0.0
4.6543087540154404e-05,0.0
3.3509067504720164e-05,0.0
2.6866282462039865e-05,0.0
2.465489639704161,0.0
2.737296581495574,0.0
32.55441979831763,0.0015072370052135928
159.63116766681873,0.011111470862464433
293.62962437622974,0.007852114215505895
438.88176511751004,0.011323840572235351
446.0047395021992,0.08111535257697473
630.6665860134733,0.0034302775895954534
632.7911442816551,0.0007319735738915485
878.248154103427,0.01161205034209926
1000.8567215461089,0.006348712972682051
1054.002512158039,0.0053811914174164335
1120.921070467637,0.0010840686907074345
1152.339862054304,0.000339525011226915
1173.6974236830904,0.03224922666401067
1283.8676322579472,0.09874545856024652
1397.078296695194,0.03406232029975621
1444.528891800332,0.013806252607404201
1469.9631091826022,0.006540973504515995
1486.0514966752864,0.021434672850486954
1495.7986617236961,0.038865287931570555
1499.8091071825322,0.006764549538715692
1577.2757512085282,0.2219251001224176
1769.5961277758686,0.32994848535227617
3057.570980495305,0.06329935130280172
3076.2535433941193,0.007244934183836722
3112.7729158663087,0.03208999203555866
3151.89074304588,0.01740406104443863
3157.157902987875,0.005646653022648824
3172.976938160707,0.00046577435146625255
3696.3311200981834,0.034295587058755655
