frequency_cm1,intensity
1.439734679169666,0.0
2.553720672994658e-05,0.0
2.1286278658857903e-05,0.0
3.7579480645212684e-05,0.0
0.7775605640033726,0.0
1.3608080479687785,0.0
52.37551394358706,0.0021150302886413677
110.36470960545537,0.0001625831051652108
158.4732450545103,0.0005493216574321533
183.43137048480526,5.4749390992376734e-05
208.87102997487008,0.0005339121669761507
286.8000582544601,0.0021641567858518645
319.57266142670846,0.0016424461138739993
479.18650298904686,0.0192869744398334
563.8545112635667,0.01859846198660946
621.9231744629803,0.0338678285512224
676.9150064284282,0.11604570788840418
779.169461310932,0.013516691851073322
816.006200481583,0.0008191135271432438
884.5834260694459,0.0063135160046100015
950.3686470435127,0.008091955485720493
1058.6465008804641,0.0008233609932319402
1109.0110388633077,0.038934614920471705
1140.8629616897597,0.03193920791271412
1173.2887550168675,0.17236784366365232
1226.9077220569914,0.056719953652906406
1283.5438338471104,0.013768138209098252
1325.315863849131,0.0054745563210462445
1373.4926096278484,0.006459642615548244
1415.6704303258011,0.002952966750974885
1426.520131545982,0.07365419697182864
1483.3286466285333,0.005488233966072009
1492.7251467204558,0.008737840010511392
1503.606823266734,0.009299884291759397
1847.5990678291876,0.3106810045831036
3059.0673687445933,0.02170293081879392
3093.6723578292585,0.010638010407380844
3119.665966203241,0.007637235528076354
3135.7215999282816,0.018674323548012253
3142.249871181377,0.016621789020572302
3159.3639821839206,0.006601795484542156
3794.0346189560087,0.12359459076843608
