frequency_cm1,intensity
4.991745879283281e-06,0.0
2.9859090026545575e-05,0.0
3.7945663669985535e-05,0.0
1.9752656079046806,0.0
2.4952674782547755,0.0
3.770660248349337,0.0
68.5898446474148,3.066223483543335e-05
94.8972598205455,1.489670565940255e-05
118.90416824947563,0.00028354246434489784
205.48996861907685,0.0019351541646170335
216.89539157024348,0.00010750701398229063
228.03594162845403,0.00040859364514109767
265.27260947593,4.022832455818911e-05
302.39193749703537,0.0007005101141251251
352.2213441168228,9.294328946169023e-05
433.765142607237,0.0008582607006171833
540.4818624833381,0.002673148260498966
581.5871911069146,0.002557097913212984
740.4659355430028,0.00029360680054281316
777.8792782555356,0.001423730230107227
799.606227822944,0.0011858463549726975
865.5085865940682,0.014952593257675464
944.7313111687506,0.00555582353650515
962.4641823691815,0.010552227770167323
1037.4948310334375,0.0018977058931174736
1059.2803155833824,0.0009678499616870789
1064.0224910755537,0.0016260072483712108
1078.4311147176102,0.0024171152751037844
1092.7856070861108,0.0003061203261608445
1119.2962929270734,0.0019830884068309565
1143.6697160167514,0.0003564975412040517
1215.565174135311,0.0023703814913825093
1293.669015115963,0.0014443912836723104
1301.311252289809,0.0004109236497143265
1336.1473041184936,0.0015451524856855627
1364.093392190065,0.0009372842907643527
1395.0054388959709,0.0028617396840452925
1407.1069426417382,0.0056659172504601885
1409.7715416261324,0.0021647669269882477
1429.1611129994944,0.001743415562650652
1476.7010185648055,0.00023909679568483231
1484.0636346976485,0.005077435362901772
1486.1427138253662,0.007010188681302631
1492.5783441611106,0.004524150123986497
1493.4921511441835,0.009009628204838407
1498.107862056295,0.0003334594096946191
1503.6592075547312,0.005389963149328183
1516.9181378175915,0.009605706892830156
1773.7401034117224,0.0011254776718601276
3026.2333928211524,0.03390850718363063
3047.0642027241697,0.03877289091464744
3047.64130649139,0.010311564090802267
3056.47605762259,0.04315700763115774
3056.7661542956716,0.018806192947706277
3060.463941445355,0.029102621755086665
3090.7496017894955,0.02061060919647093
3101.179670831879,0.008807843998470288
3121.8734632882447,0.03007516354190139
3123.6642536510467,0.02258027210920979
3123.877376478207,0.05966106375927471
3129.6674163773887,0.04892385384685502
3143.5112897652602,0.014553717490117754
3176.4443938389677,0.02440705160759656
