frequency_cm1,intensity
1.1391750886713086,0.0
2.6445278749325297e-05,0.0
2.0553020168237538e-05,0.0
3.3408136382589334e-05,0.0
1.2655506412124193,0.0
2.3411136134322645,0.0
74.11037507194892,0.0033941062697053635
181.04999430036787,0.00030025010370583814
231.96619867975684,0.0013213818611743189
249.70708844675676,0.00038862756999868405
310.8298812069327,0.00031327776922604537
347.4909680534419,0.0050107852532263655
456.48653926889347,0.06171469607347338
480.9833112423038,0.034367232545472394
513.1858301915352,0.0008156418646474855
540.9636937769029,0.008655425190499676
584.218837424289,0.00024045326938655032
598.755027051784,0.0033055767898613336
757.0561374486531,0.0005329629220729759
764.3839185638714,0.07264521191829588
784.1719872280926,0.025050944371448895
852.1013063354047,0.007712249641882775
873.8886004597998,7.752714029037133e-05
951.9319486476018,0.0044407651094297805
1003.7011505041884,3.2498015467673515e-05
1065.491787967052,0.022613994732561555
1084.8931959575434,0.037615662027522236
1143.4057038843328,0.03332149869885928
1173.8587106916855,0.001142785201632269
1179.8316393655114,0.0004207538362769974
1202.3126966788939,0.0074280902416450035
1234.9653438502355,0.049174866910146275
1260.911321251065,0.1805865032859216
1297.8121534606798,0.18267389991076485
1331.6346391379607,0.02415380184866665
1397.6993742259476,0.062014483134387455
1479.1649771796037,0.010759613122168487
1492.9232272041343,0.010494510888240119
1505.0204794107005,0.022581157050803668
1519.2602265096893,0.009428000592367914
1556.4545012013764,0.2085924281341057
1673.5607002138522,0.03146376202458899
1690.0020214621488,0.01315773450920675
3043.3614082451113,0.043269773405685545
3107.6587515681485,0.02893335937069041
3164.9870887749116,0.02254925656907515
3203.565834434327,0.00016666604375898967
3216.798554432019,0.01457190850565747
3226.587317270527,0.013473519817039849
3235.889130622572,0.0069502005429761555
3809.0826212559077,0.1082997054350266
