frequency_cm1,intensity
6.271456696425239e-06,0.0
2.893460431324553e-05,0.0
5.2643056234545006e-05,0.0
1.611145749604633,0.0
2.034957297341997,0.0
3.1875325642383583,0.0
42.723280055293145,0.00014691352026448043
138.64303605519007,0.006945576040245715
153.30593287522865,0.009609056448156959
264.52168486479263,0.003475267691512172
297.57718439181076,3.190492314505305e-06
383.67248373554906,0.023121191383478824
569.018511647145,0.00017138605746268247
614.7473182033083,0.003349706497252046
638.0943586008232,0.0010104511942460456
714.3920737790036,0.040630376302146214
743.7499646856527,0.0006642269448974249
790.4504804128104,1.0837394332008462e-06
859.6322255176135,0.06508917804409803
960.7102980237886,0.035691740295628084
1017.4501427098492,6.074770643592291e-08
1055.2986923852018,0.007314667851060642
1122.067323586573,0.04236923942814038
1147.2145217087411,0.0027823259729830114
1155.4173486525624,0.0006357393148662346
1295.9536069589574,0.07247346009457
1329.6088541712863,7.405032039852482e-05
1431.5132236679822,0.06500021844452075
1476.5745607423562,0.15372298161020428
1482.3698684911935,0.015518777263588458
1508.7087831067781,0.020681455104884987
1695.9802102966207,0.0027338910683819234
1812.2991431081796,0.8170644449989511
1878.8880075066875,0.012071674318684247
3081.724779397127,0.030793066947038192
3147.2315719681114,0.012343807663593083
3187.6943365512943,0.00036254044204487646
3256.794511761494,0.002777297666394376
3272.980274828718,0.0005555824314649714
