frequency_cm1,intensity
2.9596495677891835e-05,0.0
1.264875129135873e-05,0.0
1.5331796136992783e-05,0.0
0.4804504939559372,0.0
1.8525662564664176,0.0
3.6285914558019474,0.0
119.42834427232542,0.0011427170389517296
134.10023960643062,0.004683859918760848
246.79524320846855,0.0001400850570612327
252.62505425616524,0.0011666976485533624
307.6713062485888,0.00031613794435091477
379.30677126422364,0.05278776147218206
440.9306248442105,0.006812089443528473
454.9948246430833,0.0033065959522067456
501.5903432026209,0.00022829598742705746
591.6777959197732,0.000563695195073362
624.5066307946371,0.0013048084039331575
646.240543482981,0.02517988573386135
672.2409437098714,0.0014600915418716935
757.9899884746509,0.02038415241343102
772.9856804165755,0.04137155555240085
807.614874192698,0.034773337520892234
841.2761237336803,0.00020557903949997678
873.6180889402007,0.0010500236876446246
902.3946201521263,2.279078502968639e-05
965.5086944809284,0.002351216475050547
995.3599709290525,0.002466235947139454
1002.9074288320322,2.2503641900719208e-05
1022.3356008121325,0.00105398599475219
1047.0251438952362,0.005468432627117153
1062.4782684924396,0.001062883464471093
1143.1517348188358,0.001239065539428095
1159.060022978176,0.0013514734648520954
1176.3463660995424,0.00475744876666421
1235.118347262357,0.0081986365600756
1261.1543030076396,0.005110925687935418
1320.0210264316202,0.057265807290086394
1362.176880636761,0.020756701588363576
1370.5328527834583,0.0014922882114624086
1419.7275434737194,0.0034681665055012337
1443.2165665548685,0.043204651005038695
1479.8143669523733,0.008173091753652734
1497.0165002874542,0.01597476843096049
1501.7806129803985,0.03372438732492622
1542.7400129181194,0.004586928347561218
1628.9390320297773,0.021439403790216888
1661.6517908161059,0.014306953065468184
1695.5512284868014,0.003659845676947185
3050.2293697953296,0.038100232583961766
3103.609356063666,0.012083185287016575
3155.553063703735,0.010492170092782598
3193.554003994854,0.0015749868423202396
3199.3292757112918,0.002172884975488304
3209.788443465486,0.02357239047378348
3220.501226627781,0.01924413694738015
3264.680857896891,0.0044144914026996
3710.082655384533,0.06330488281063977
