frequency_cm1,intensity
3.1263674263791823,0.0
1.3138513681519484,0.0
2.201712911911948e-05,0.0
2.5428860429149917e-05,0.0
3.1791060122798424e-05,0.0
1.6163048821600283,0.0
151.32653981238866,0.0005410921976543888
158.16141068504976,2.5093707247566256e-05
243.8223495514562,0.0028680930284499698
253.13006245672528,0.0005416178020103683
374.7672435856969,0.0016842311542891056
448.6815796179268,0.005105857539670904
452.70402260817417,0.0008366275378936021
528.5553407235228,1.9130123958857562e-06
562.7339030282885,0.0018935761972191341
698.7899646444805,0.015340205682192961
732.4540565956077,0.0036220820909854032
774.4948028284383,0.056172848421767486
821.914587806949,0.0023216363680339056
890.6443118658782,0.00010149025631925984
977.2385915781903,0.0005802827531941289
1012.0017514158523,0.004034010612872324
1020.8207516567685,1.2074025338083897e-05
1064.9133280275303,0.0024321619199331587
1078.32954263733,0.02774044632773175
1082.7027079497602,0.03134572067172159
1164.9336469454065,0.004387513924906302
1179.5978763404748,7.97707780339288e-05
1244.9504062534447,0.0022453367281412367
1299.6850112539687,0.0009820399382120116
1310.1975395566612,0.0007498102364821616
1417.6167244582332,0.0016647309030566944
1469.4507739300082,0.003177041193528445
1479.7511344517673,0.009524026106684914
1503.7791444952863,0.019232799999286978
1528.8102013229957,0.04030097183448295
1649.6350740504815,0.007054420048948365
1675.3889006692782,0.0024438442158096116
3066.673119416532,0.018522187106983452
3126.6557633618927,0.008004588321400719
3150.7699941761707,0.013226922591862481
3193.1322026494345,0.007421297607207629
3206.437795580829,0.007410064007407684
3219.495955018552,0.0157590666490977
3229.4550481695846,0.006190979774939612
