frequency_cm1,intensity
3.083311880310403,0.0
1.20831704998574,0.0
3.378627445696673e-05,0.0
1.9434003709391383e-05,0.0
2.745349028301246e-06,0.0
1.0174482787949943,0.0
131.5114300057182,0.002579420185790407
152.55543540985732,7.077439158866319e-05
186.39049424387073,0.0029490505141139332
237.56209975816057,6.029983305527924e-05
282.37162623710094,0.020524656490619443
297.34635426599925,0.0004966024735615026
327.4228177472405,0.002454421261870389
416.55487761715307,0.0006473372479535308
455.46950383380346,0.011751793130073991
481.1670992741222,0.0013250833623383175
486.4488283328037,0.004290942525180166
571.9071943006245,0.22284530131612693
627.1933338544968,0.09398519009789945
711.9507190176846,0.009913880849828532
723.4293076479631,0.002812018371912924
770.8456686246658,0.002828658553641859
836.4480358488634,0.02696390849704738
888.1123294008755,0.025898271324978735
931.060697981978,0.030413518585471064
971.6456257498177,3.4878053538653864e-05
1014.4737985603568,0.01854848622830546
1065.0682529436815,0.001917458370483422
1072.208281019148,0.036373168621277034
1111.624481592194,0.0002311713588080089
1172.9433785781634,0.002279930574965866
1242.491112757678,0.007702296374968624
1297.5252351068573,0.012876337936365036
1305.2230569754183,0.024110988910732562
1327.8152116490376,0.03515262985433109
1417.9157244752612,3.9675714624689647e-05
1463.0489310621083,0.003163835809189247
1479.7058120595225,0.008477181262175322
1499.8089587063705,0.0174646430328775
1554.3700104637214,0.13394056527947937
1647.2657993853302,0.02438898004881672
1653.0304615260322,0.04965486321191883
1693.9978515099872,0.14878890360805827
3061.7238532629235,0.03125932700087388
3119.5947747666246,0.009778749889767955
3143.98636395123,0.014790525999994536
3188.132439733878,0.013877386343253901
3205.129551382267,0.014426097515134129
3212.866112472673,0.002154617583796578
3603.354203748522,0.03390175570268639
3698.6316440562355,0.020968864340285363
