frequency_cm1,intensity
2.33826016370494,0.0
1.0015465657391274,0.0
2.893100559169458e-05,0.0
8.403977795151352e-06,0.0
2.855512665878346e-05,0.0
4.193424596735962,0.0
45.03585562357597,0.00014107037023425694
79.4718883324671,0.0036627986981498887
105.27262877832631,0.00042618507679106595
172.28519968887636,0.0003312527142015349
190.50926957010114,0.00217890275321618
244.1738833166214,0.0016528570480077217
331.1736094203314,0.0026444537613725333
352.40366016494124,0.01479915467201795
381.67876195828177,0.0029904175213156707
446.0295393884795,0.0027444515447296878
510.56686500867994,0.001091806060736989
609.8732122000006,0.002836893268395541
662.8138438493639,0.008782932451059296
791.2977747485022,0.0046762200347852875
848.9428455010597,0.012676021309940685
871.3203157017625,0.003036983043888606
896.3257948576099,0.008155919432842643
966.6319549252702,0.004673176693008248
991.0729898118798,0.031050514558374476
1019.1523757697346,0.009869737580717805
1068.7920973288913,0.031564665907949666
1073.4616050071552,0.00025781123712433947
1122.410192230309,0.017349891092369514
1188.5907280043516,0.08824311589914348
1214.3926970498342,0.28415126875519525
1333.4571734598278,0.005139476188666141
1360.2110380313848,0.16537134189362532
1400.213504787729,0.015027454067654595
1412.9811332831775,0.021093091791440276
1429.936101480327,0.0064978276322119385
1443.6699959838506,0.011811408860571235
1473.1826889473755,0.007675912420206653
1481.7628999222197,0.010793196851351048
1488.3970357701423,0.007835200888358877
1494.354067101113,0.023280630896605984
1505.5912657695628,0.015297074241824474
1737.8071132551065,0.046821834607449375
1797.9538255843931,0.26072344431782046
3069.4062638015803,0.018250784914208073
3069.971635812392,0.012795673426867719
3102.7254288904824,0.026986830137116485
3127.14656918516,0.00977507058603648
3136.1638376230358,0.022904590687084756
3145.531157276057,0.004217027755728486
3155.0812641128855,0.011872366604023006
3164.178397309858,0.02262486025464052
3180.110268666039,0.00999541794595475
3271.008982546158,0.0024099528735792154
