frequency_cm1,total_intensity,isotropic_intensity,anisotropic_intensity
4.74629056198597,0.0,0.0,0.0
3.014017553719011,0.0,0.0,0.0
1.51668523474902e-05,0.0,0.0,0.0
1.1391436067730172e-05,0.0,0.0,0.0
1.9506377158098124e-05,0.0,0.0,0.0
1.5057114264955294,0.0,0.0,0.0
524.3608150192947,0.0069156426708412025,0.0012895841605314576,0.005626058510309745
1223.9167167088951,0.23193735488373388,0.17904979022137726,0.05288756466235661
1425.4288216689101,0.03646346536563167,4.548004070396855e-09,0.0364634608176276
