frequency_cm1,intensity
2.5420227698477132e-05,0.0
1.4457649935993983e-05,0.0
3.330972610651047e-05,0.0
2.0971317753528504,0.0
2.5865946236630983,0.0
3.2565103720957245,0.0
41.46364999778688,0.0023637698136154393
59.109630685588456,0.0010380503420963107
80.67073133296213,0.004235053839188133
163.41919429611315,0.004907086099569278
183.57902267841342,1.345846912409958e-05
242.65946543916493,0.0008921151943177492
278.7480222267878,0.0038464556143522045
298.22742883903686,0.00036275431334772295
422.80627395022833,5.136952764273284e-06
434.3883364219705,0.0016930931006427902
450.58219963180716,0.00018539762882264322
511.9787838482498,0.005990736320815977
544.6605410916346,0.0017388663869935756
594.5098436108028,0.00795604287710912
627.468305335341,0.019018887306551685
641.1105789647374,0.00035822042127247293
716.142602156516,0.0202084160725379
769.1165109802317,0.01458735085457164
785.8620802161305,0.011973085849155416
872.501047267745,0.0024757096827281934
887.307898711919,0.038044680769857356
898.9073379691614,0.031396712548909335
973.1844528417504,0.011756427238020594
1010.6351030561905,0.0006921750464098788
1029.3338099663413,1.9967445968424523e-05
1041.6663540222721,0.004588244046295846
1047.350135751198,0.000910252015325627
1102.4255105448892,0.008355048126080542
1132.6860209930546,0.006347095223206978
1142.928929191819,0.0712244202301786
1205.0264025254314,0.029739314603737233
1283.0832117765349,0.21583801472211375
1325.1581199125972,0.04039069293274557
1340.354543678699,0.10198229472324777
1386.4350236085468,0.05764343354264444
1438.7939543180291,0.22943315677729137
1455.5943616099883,0.006577865132242576
1467.8407243395982,0.013923232364701055
1473.0001681601773,0.007850307974274334
1539.5690187600605,0.0019438621324843878
1639.694999566317,0.2724221553639582
1680.1945258916273,0.002146899136671871
1695.0880894547308,0.09237946475341965
1801.1127840957895,0.3660080980893482
3066.6682221192164,0.0025542666301587276
3130.9507069343804,0.005410346443314319
3182.1269312152344,0.010930275081625423
3227.7246181130945,0.008112647933137948
3230.263557030394,0.003196922787070762
3253.5518839522783,0.006024992192228625
3255.231457401082,0.024763634302573688
