frequency_cm1,intensity
6.1119346310401e-06,0.0
2.2962892205179615e-05,0.0
3.388278287904582e-05,0.0
0.839991262211834,0.0
1.3387297535036622,0.0
4.1095214972421585,0.0
110.00775937208722,0.0017291134757703947
218.92262197480147,0.00012064586518523252
290.3824760900814,0.020001389343520696
300.0637385652446,0.00016164912075004314
308.2774380064771,0.004029978833330572
399.63714062600104,7.046089729032998e-05
420.42781869888574,0.0001586108207617487
506.840643582734,0.08213024040891828
581.6749726836375,0.29043819609870714
627.1048974044494,0.013439601234800013
649.155123077436,4.992775574193968e-07
727.9083350885521,0.0021512607290175784
833.0278341776684,0.00030396687115328815
842.2073407318476,0.010942636969162306
854.9420096263316,0.04587184950215643
969.5810566051033,0.0003436695596187566
986.5244642038358,5.170069993840565e-05
1029.535130526874,0.00798514283558908
1089.8002122572373,0.0014682734902270512
1113.6643399778577,0.03117336815137268
1145.5869221865655,0.011362932024964226
1204.7794566224636,0.01521644315286923
1296.8416695452877,0.0018589467619012443
1311.7016260443756,0.12295900851638741
1345.453248170764,5.1855946476158336e-05
1473.5747617687077,0.0050333821643730675
1543.8239206339003,0.24521856100189804
1650.103019409822,0.01814457024742053
1654.7126506982079,0.009602613349578038
1679.5025081730091,0.1364752863637784
3193.9135228614914,0.0020935574156253573
3195.0689443659403,0.02235694589278947
3224.064876097923,0.0011016199327831878
3224.600452420441,0.006677731667301477
3604.0303703283134,0.08852651666822851
3700.1521648182224,0.010841457569846426
