frequency_cm1,intensity
1.0703615097402357,0.0
0.7354279938666147,0.0
2.0983069319929448e-05,0.0
1.4318087891359507e-05,0.0
1.686431852654063e-05,0.0
0.3818375101946479,0.0
48.30861367539217,0.0004412918861333242
82.68544417230349,0.0020507233528043456
141.0824976297115,0.000711257454039115
167.24219922860897,0.0005973975276378028
228.00965715836816,0.0035877925629932777
235.5011394115125,2.534054968903679e-05
266.2891358996425,0.007440386396233262
283.9673827164406,0.00240249271029423
334.8827011905379,5.614606246211192e-06
345.26238530473336,0.005409029764291368
459.172055348648,0.004694879839774577
524.6424322436036,0.004785031338169675
730.5885901396013,0.050648278821557
749.8959486541825,0.017417514350140887
792.2327341482052,0.025433855486884118
839.196061271612,0.004715028858054981
862.6259587362022,0.0025056938463320698
891.0001785394569,0.006598697016536792
909.2268296456778,0.008883264538466615
986.306012973048,0.0012153965178335528
999.0362943840187,0.0007028277939612171
1126.3460765898735,0.004962101826021629
1140.7444016713052,0.005917888745649971
1209.655420030884,0.00011321476278087797
1239.5369390150363,0.01980165433379739
1246.9744478872174,0.0009618758595968913
1306.3266357873663,0.001688094632358852
1338.0038916055228,0.03746462921129193
1346.1299701526818,0.00016788483819641734
1356.0134309552086,0.00231981523973591
1414.70028698222,0.01752432199326695
1465.3235332641812,0.009512487050866764
1472.9029924749002,0.0037133336696284444
1477.620570190413,0.003805510830817139
1491.9949572082623,0.000904916866175574
1498.3287186735013,0.010002612167713658
3064.024968923517,0.0052747003835846105
3108.9489543741706,2.75176254923428e-07
3116.759906457425,0.03703352320155817
3130.884875899766,0.010199415718742586
3138.346897783748,0.050285397458498984
3160.740064840665,0.00662251455044261
3179.3973026384656,0.0023896183691683934
3184.635067118592,0.025034100620380355
3196.7041406205863,0.0027377747152064645
