frequency_cm1,intensity
4.2617841602805955,0.0
6.417677763480871e-05,0.0
1.6283075596034454e-05,0.0
2.319971170435331e-05,0.0
3.035433224226678,0.0
3.508836324117672,0.0
79.21195174910908,0.0040874117140442335
108.35116110249191,0.007698442180213818
184.8322737214857,0.0007584025108724041
241.94685482603393,0.020193727415109042
251.1648297764256,0.11465736377261058
276.03327225621223,0.07919619839610371
343.11574038193737,0.02078827821087865
410.98208090668595,0.006573742802863337
465.0655247661637,0.00839078819817859
498.78620713580744,0.002324764771673984
785.4330846475757,0.0031559043292612235
865.0497736480596,0.010386887131415128
954.8281139290935,0.006895545327143255
976.4448521926515,0.007018163877416631
1036.0239367004021,0.10636981230582619
1082.8778655867984,0.12265716550263177
1098.9866054754632,0.04465330303316818
1112.9661417961167,0.0501575252857313
1159.2762503631,0.005889968822790789
1196.5504404791627,0.012224806584599872
1255.8625934393237,0.031671494279837994
1312.6205384831464,0.001481558450202158
1325.0821329373077,0.00043164723565587097
1375.715414232123,0.0067553243288020785
1386.850799411987,0.0011366716114924531
1406.3374338429435,0.0023019741793132136
1422.7040906125649,0.043909682344197135
1429.4625807802404,0.05204058277744472
1480.2953448131905,0.0012834521191205247
1488.8631750602838,0.004655585607285577
1495.2414394950436,0.014246102585184904
1509.2851150016184,0.0037489456730388495
3013.525027255396,0.059508798277396566
3041.8129558193987,0.012468639847569064
3049.3858104500587,0.003649911405170977
3065.3174089294757,0.03100428877938703
3085.2732349588423,0.02091260577526848
3119.6657375084787,0.04981134885277173
3125.611852713125,0.030585518511802943
3147.3383424382487,0.024331003420312847
3851.5405564478465,0.09412088622277025
3864.0081012376977,0.0578597817626971
