frequency_cm1,intensity
2.9546547580609084,0.0
3.0076172642404812e-05,0.0
2.718955893574383e-05,0.0
3.160298380511443e-05,0.0
1.0878573920366048,0.0
2.28618648035449,0.0
46.790267212116184,6.038031092582808e-05
70.50652566538578,0.0003041580210980634
99.30615589483627,0.00020098086004208005
106.38941405418099,0.0005514031732447288
198.77170423825905,0.0006941190542966125
291.71398980823966,0.0002472536306127667
312.10035723210405,0.0009644682476218449
378.63585839483676,0.002528061508124746
424.0960935928652,0.000765567886559305
489.86196829919913,0.003757251543692899
527.7519461030234,0.004203008700120977
668.163515365121,0.0070918187527898
799.5358149531352,0.007008141860135094
849.5721335437506,0.010566036607826797
918.5523227369357,0.008071731697983864
952.4258679698132,0.007659969235186614
966.4797696895128,0.03714918145061656
981.4731090422035,0.003567336226575364
1026.4001825668738,0.01558960857586266
1037.4477950517535,0.006263695277290875
1057.2415945170676,0.0066086454159815814
1067.6089760970501,0.0014872355819040442
1092.4164661214497,0.002524412353550945
1151.0503645256933,0.009714198505618348
1234.5450579530316,0.0037615098346755293
1240.6760219105531,0.000839980912370723
1314.7618188396523,0.00219201774768541
1333.4398512381038,0.005821298939504534
1375.3293607542964,0.0014429576894660844
1418.2646679633692,0.004249271362632762
1422.3627652110138,0.00462585265396283
1452.3628353661736,0.011045876663887661
1470.8718391546113,0.0018053904480138832
1482.8101448792147,0.001479718922233476
1484.3418317146513,0.004018342149555448
1491.7902436372826,0.011000868214302906
1498.7421498187027,0.008468431197412994
1731.7505427642407,0.016292981155683756
1774.9804280543146,0.009622737876894308
3019.9482266083974,0.031186593046091074
3050.4945991563363,0.09434291109508085
3052.5106188256796,0.014257757998394627
3095.222632883139,0.02170139983504197
3098.672209606672,0.029619298472382576
3104.8472312959016,0.010866140493957949
3137.0133154127866,0.013001674386523051
3150.5928236159402,0.01461218666156342
3155.0026409601433,0.01604191197613708
3160.608973309618,0.012541267743194497
3164.4916732649685,0.02263501903342422
3241.997251133145,0.01612013497141672
