frequency_cm1,intensity
13.15689277097345,0.00014539765831456865
3.226309990660018,0.0
2.9813125624832755,0.0
2.2324065758874374e-05,0.0
1.3326957340037647e-05,0.0
2.6600786018631004e-05,0.0
4.138993808170118,0.0
77.38790022727287,0.0028793998834634603
99.55538171423579,0.003969747998132354
159.45883231299044,5.427363264378169e-05
208.52299518547275,0.007172893335021192
231.1452557847781,0.20206258911294908
349.49668242584477,0.0021164513767142376
393.6532672573352,0.006819245069637437
481.2781236234275,0.01590278526579645
491.2192054161969,0.001233808651584735
569.8795455814554,0.003685072406495032
609.4765023601212,0.0008542044819402598
642.6558486538087,0.01062964374594788
803.33678329695,0.02485153313968735
857.5227509585771,0.00026812748523992827
962.573895418327,0.014266897067600006
979.7494497389164,0.004552696520123707
1029.7294645614752,0.016450660094183944
1037.9635197639475,0.0012833513151507716
1056.509898442836,0.0051242970765328745
1122.3543077582733,0.0025960834103924105
1203.299833468026,0.07287858997011076
1352.3346485941247,0.004181196269886686
1389.6481820926506,0.03548360320243368
1406.8367214409125,0.011068870777716708
1453.9286443175063,0.13575876383953359
1461.4764952510805,0.012488220343660886
1472.6518164649915,0.014080487863618544
1486.2028121729668,0.0077595344618961275
1489.2812241370843,0.0053892604870514164
1638.8912574018736,0.42327952395140706
1661.8965161498552,0.3077496592088497
1755.9681878927063,0.1614783628363214
3057.4964542395883,0.01512327344295862
3082.9498777344506,0.11213072799287715
3121.0279972461235,0.0037147481907905213
3156.712071333365,0.01184493211542758
3170.0568498411444,0.02988375298099929
3176.20383003147,0.018887376878986523
3183.5540246862884,0.0025336819013431944
3643.9080707994394,0.041410148432974886
3764.4463583529687,0.04929333333160523
