frequency_cm1,intensity
1.0264323019742068,0.0
1.4042680509671932e-05,0.0
1.6246435317864062e-05,0.0
2.02633853995016e-05,0.0
0.9178509328040139,0.0
2.1916418475139556,0.0
10.55042321331643,3.99902111530978e-06
53.110863820034446,0.0007292124310615628
78.25970674753162,0.002033148719426134
126.54063194345291,0.010634788603350365
154.6669976815047,0.0009058737185558572
240.4333440566334,0.0018250294957495485
283.15542182561904,0.01953227450089264
288.9610925986788,0.0010312833353088085
291.96165715574875,4.369729994005109e-06
404.20272581135026,0.004937221356869381
461.59311898370265,0.005865399717312064
483.1823677058022,0.005129273822157766
504.3999675181549,0.009820741399954917
531.2384049413233,0.0021829888761617103
593.0449489620454,0.01859990124526013
636.4581471455523,0.019319262017301723
650.0539620638011,0.0015282871408834003
693.239361735801,0.004346360717466305
708.2472900998914,0.07372876448086464
755.3212061219735,0.0077245348089972875
756.0135572063255,0.04318440049038179
780.4574950820172,0.016117322663241073
784.9784047663126,0.00022652655555446659
860.9087336482879,0.07103196225679413
895.4697803114703,0.005409597388167837
977.7178152462831,0.06796231366097225
983.7131316755124,0.0010047822278424533
1018.7039470393453,2.4318113492497245e-06
1026.4769538490943,0.00023893576256465963
1060.4459999132732,0.03516384997150722
1069.9014910516146,0.0005194622880293811
1072.5709367553925,0.035235194938741596
1103.7987029496514,0.03899418618219373
1158.754210487424,0.015355695539382366
1179.5841107563276,0.0013193157245629317
1189.0131795625518,0.4568821095266771
1246.6798412716662,0.048688483476788336
1293.3139973297134,0.01563200306927825
1299.5295528279412,0.009678169787909906
1333.423341573637,0.007379968875312952
1434.4440586504825,0.383671554276085
1495.5026784478305,0.0452103114865578
1540.3075477218417,0.2781876475972756
1659.23720728898,0.01622358271484818
1674.1504284201894,0.02762429739084082
1692.4760923471504,0.016730464397871844
1826.1452877877136,0.6173650121904668
1888.7862724589816,0.01572320684700344
3208.070630792881,0.021405771718169833
3219.9245971686046,0.006470140455311588
3230.777428556075,0.026347141522071883
3236.486161091391,0.01031352558227944
3260.4371909257657,0.004939192229564624
3275.9508410240137,0.005968114083575234
