frequency_cm1,intensity
2.0947001473576368,0.0
1.8882374914253315e-05,0.0
6.075092028021782e-06,0.0
3.7254866008077017e-05,0.0
0.9214451751901419,0.0
2.546060659070338,0.0
105.6510213478881,0.00017014974540596983
186.60026338929555,1.0974663610023315e-05
192.17855270332007,0.00021524911211904434
206.85067082354348,0.001502782825019256
376.64528590641044,0.0013129355486706303
443.2761240210702,0.005191028645086816
515.82141605572,0.0026200835869074823
825.2177260905634,0.05830377448767009
848.911604716434,0.022490616774348823
976.642451014718,0.026002754624185675
1065.8025532775841,0.0022495867500077925
1130.0598740502253,0.007097520190610403
1309.7062465345605,0.019511664351351134
1413.5864357244436,0.004936325673131149
1482.3641139668332,0.0038803733362136965
1484.033028122268,0.006219681760335353
1724.9508012523986,0.014775691465585057
3060.2382812054584,0.03418947876501244
3113.336347338233,0.006082310639400572
3163.7672441664463,0.016039300396705973
3178.4433077200724,0.011459384536187245
