frequency_cm1,intensity
8.88479327277714,0.0022165082247827313
3.375386780628205e-05,0.0
2.4911821854258926e-05,0.0
5.901560588939724e-06,0.0
1.1633465567522876,0.0
2.7161852752854543,0.0
80.6886496355098,0.0030312314033871875
98.94129585312432,0.011354380235545103
136.1641293877857,0.0018493980522092748
159.44764020534438,0.0018544019569473244
238.3677190391357,0.03246266281800925
254.77024092752953,0.11174857225095954
339.9028879961554,0.0028451842573630377
362.8544536053766,6.716470285939338e-05
515.4393257650205,0.041894851719698985
748.6923388064039,0.004446316811494295
801.0190502875777,0.029465165662328326
841.3490216532379,0.07301800482728622
943.94633840543,0.007334261250623234
982.2812968801144,0.021745690630114105
1033.9793204068392,0.024014071106428826
1068.426159152145,0.008417121880763245
1087.659335265858,0.08358531546181866
1105.5517263450486,0.030573255074572658
1142.7046310599758,0.002301260901138536
1192.1006679008158,0.0018261234420990035
1223.4615060890815,0.0133311616072518
1262.0452196462213,0.011967665689502225
1289.895582223206,0.019170095670163492
1316.4024427455952,0.009143433067055702
1323.015985137987,0.0032858695330083352
1336.2854740723237,0.003956618672660656
1385.0909192851025,0.0011961243961254302
1439.3616055418763,0.01280713088989595
1456.452798994618,0.00040759752767189624
1485.454941861831,0.00023953116944855016
1494.5889980259894,0.0059039366819649015
1511.8451624933532,0.0035425517390720532
1517.7398667036168,0.01402763532029855
1657.2115969785157,0.012990600938043004
2984.7245051206455,0.06325877961263297
3006.346411248922,0.055114060624519165
3028.6526708002457,0.032633353845720976
3038.191661625361,0.043408365545931006
3056.2983910689445,0.028359057132543185
3071.039534373844,0.044500500997945634
3084.049820593043,0.009153196540851031
3106.4395519588593,0.0826023432043692
3538.9160299616874,0.00010374191774657415
3612.054371142786,0.007746407267083504
3879.568059713711,0.030220531904713077
