frequency_cm1,intensity
0.8164503077734657,0.0
4.890749233832798e-05,0.0
2.0342848934215364e-05,0.0
2.086183431592284e-05,0.0
1.4773720793116736,0.0
1.9871538591728002,0.0
151.97831061713907,0.00016944450206288818
194.47689175096525,0.00012897339689482267
208.48626394850714,9.486345277491244e-11
243.9779240485119,0.00029487278873336687
262.76508118488977,0.0006577220036434186
405.5743866490344,0.0006925218610214312
431.38103373788397,0.005760541620797509
498.2274438354918,0.0007874949594295197
529.4666414992477,0.00725237732149665
558.5718734089489,3.6529941805163125e-10
594.968737620353,0.0002637397437252422
693.6117958918353,0.018848853944687223
830.3861659395611,0.0879934892290225
888.7724616866578,1.1406406720381546e-09
896.573338786498,0.025608827903412634
899.8158278471828,0.008620569838791982
956.672751426809,0.10361492418148271
1027.584906954318,5.2702424406072126e-05
1113.8437556706303,0.02973885647296368
1123.9509257641082,0.010174705130616418
1237.693657508989,0.0018213474751096366
1284.2012871267934,0.02774738960336008
1313.9847275867753,0.005278649634712279
1480.266077619216,0.07009427913566407
1483.7170193862241,0.15197855550138897
1660.3147345376765,0.24585939782636326
1663.5217834773127,0.17629397046290696
3247.0943857747616,0.0060426337125068065
3249.8934743043887,0.00034151748757007156
3250.2717989596617,0.004400593360224022
