frequency_cm1,intensity
3.611190172475948e-05,0.0
1.8887651969791462e-05,0.0
3.2426281740585815e-05,0.0
1.711796495010441,0.0
2.5139144541433143,0.0
4.572015119652432,0.0
69.3669258576147,0.0012545487956411431
105.53851286894437,0.001954623647192438
191.9397209193302,0.001848237178854218
277.9279015067333,0.0020927757806496108
340.4312945595505,0.012146020850005481
354.1744632188703,0.0037856699670911972
382.5768157060152,0.002987397703115322
421.35818602097737,0.00016442233920363204
480.80089474787707,0.2713295226492781
508.30671454642817,0.003716710749304255
523.7434712643447,0.07693556599577094
586.537652512411,0.06706792148054708
604.3530194819668,0.040600209911450635
650.8272517945487,4.5229785849323274e-05
723.4859613043728,0.0358422007722905
744.3615939136545,0.03160002835702485
797.3433925017648,0.047446645106248894
841.4518316589686,0.000513074867876152
861.2947786231807,0.004294034684892087
872.9566818562869,0.020933780097431052
997.0553625045463,0.00015629484865372853
1009.8170996869826,2.0510964328980867e-05
1034.4014786134642,0.007130043312563159
1082.4275384907137,0.004006541107624819
1122.8764476349772,0.13830278295929424
1150.206442701688,0.004909564727644794
1190.6392594398274,0.20156879921492318
1227.7066627449442,0.07175616808984984
1326.1362317511364,0.139640977848271
1335.4024939397957,9.046685865484725e-06
1353.9554696077512,0.015454509460595
1384.9868234091844,0.2958006890456354
1487.3717389892715,0.028458024249283554
1566.8182547082286,0.09380694118050431
1649.6095205785812,0.005545866466781338
1653.0781145581473,0.00363836135139428
1686.193198067764,0.18368913474624385
1811.1965530901016,0.44460991866037786
3195.2962109623263,0.01626441250938685
3198.209374262573,0.034473940680913674
3226.1114992536814,0.0029295430729383144
3234.3496744563363,0.002065865785764626
3615.5239827828223,0.017546576063658118
3716.253202184729,0.011538690314548855
3811.988872068453,0.22822936204977734
