frequency_cm1,intensity
1.650755513178717,0.0
1.7660441418193505e-05,0.0
2.726243806598262e-05,0.0
2.9890243140198273e-05,0.0
1.3706756085755296,0.0
2.22681348244604,0.0
70.71631552274472,0.022380887989129877
134.92951160332711,9.135756437041707e-06
211.184735729675,0.0012261262784614608
224.59779512224912,0.0017041863774924426
327.66428572643156,0.0007065902285069265
340.2032028223598,0.030721192843028534
415.0496124602648,0.00014380934286718124
446.95531717866845,0.0033752037001812903
477.91522809066026,0.0010000790741089606
519.3839246254041,0.0008494260490978058
674.2684779702225,0.0018510575447413299
732.8271997920061,0.002339517883108731
759.4417133189644,0.002859845576894825
772.861823251424,0.06462649447384923
892.1169634949727,0.0010954718039218835
923.5225922752813,0.014443122755011325
947.6189207928714,0.004063269945367382
987.2966547334562,0.0006329543141323006
1023.9885405040163,4.767289100324043e-07
1073.4334565377085,0.006420270182974778
1078.3369867637998,0.0035186819093979598
1161.5349409826276,0.013048418081578562
1163.298735111857,0.000673811611036748
1180.4238063736432,8.546815448027874e-05
1286.426489521159,0.004670397706625888
1296.1906981776112,0.014354292987768113
1475.681836260446,0.05672278862899567
1506.6410504114674,0.09406673130797093
1637.141217349658,0.00035271573430742766
1657.71069979839,0.003560129176434893
2697.402914009735,0.05101251403890105
2699.299849933866,0.03614784643764886
3199.2554171816105,0.0034399103312492785
3206.7670952043386,0.00011712311832175435
3215.7434949055096,0.002169690259546527
3225.666217218348,0.011343819859807563
