frequency_cm1,intensity
2.439123104385517,0.0
2.042691159172009,0.0
1.3160294028484096,0.0
2.5222443136405287e-05,0.0
1.3752188094494027e-05,0.0
2.6675791221339628e-05,0.0
32.74531249311146,0.001217538029568948
120.18663861743961,0.0007988239391105847
150.80789249567934,0.0019480752072348008
200.28149159640657,0.0016842276197144494
271.552918834021,0.0038443133987341913
290.2926438135299,0.002667687969127974
421.3981343912,0.0009378191681833019
481.37490253723706,0.006110330800410256
505.8934871705965,0.007333957486322903
524.5104423997312,0.007026758975289262
566.8616577919645,0.001163954546048704
628.2344363727832,0.04053476054956667
679.7913788387248,0.02127594889221391
703.4683710324023,0.0004503981538797646
765.1439544988303,0.014424112436567223
770.990089623735,0.03700559009198026
820.0384049843899,0.0028613143760290102
849.5947480882753,0.008063529724545522
903.9222201153735,0.0013744611064065192
960.3238099101025,0.015271718457825517
1002.2523816807062,0.005824919880430076
1023.4151515533281,0.0008999532649396264
1036.2404438307944,2.7696440216139156e-05
1054.4224859309868,0.010746365199798083
1061.3187331314534,0.009708997122199033
1121.088505562491,0.00689606975853503
1163.8105950449726,0.0008756618297743993
1173.116217126958,0.0027290892027933655
1205.5245402927821,0.009489385345351273
1224.3639057445785,0.022951618215249547
1243.0787346137076,0.0055381209509645
1270.094676400928,0.017385781218901837
1303.0901452646679,0.05640478616924242
1331.714482845176,0.02076640198648962
1358.2678589649072,0.014888224813810321
1476.104944482292,0.0048922901811260895
1513.417262090601,0.004171170714056193
1524.7937577535818,0.023991971159908428
1664.9201568514368,0.01365573025840675
1687.6806916629803,0.028753189963447244
1840.1211838432648,0.48696488687016487
3071.336794311434,0.01008626796822879
3144.880878919744,0.0036641580116176507
3175.1359923412965,0.00424206866639776
3197.0329899531557,0.010236025642284818
3208.557170665827,0.004903906844619716
3215.607616603845,0.013115424717392616
3227.784512028538,0.0006311280718296684
