frequency_cm1,intensity
2.3019052479650135,0.0
1.0143347173883188e-05,0.0
1.7224760935077772e-05,0.0
2.6149940616740997e-05,0.0
1.1823829001909276,0.0
2.906547880307293,0.0
38.03364962143249,0.001196675017572096
136.26546002417618,0.0006813546281409557
237.52508389601445,0.010132864606825729
248.3473670010771,0.081090146822952
279.8704190911306,0.018897069847595854
384.9501491460392,0.0071974461231153475
427.753049824516,0.0010889282535188373
470.6568287105531,0.0093287635283853
508.8656810903661,0.005802444262959618
590.8130607086772,0.0012866598903819044
786.8029897954293,0.0009363890475065137
855.0911686891606,0.0018874738112480557
886.738752855106,0.0023405940568127187
923.3431155763349,0.0020703887226001154
937.5616184261771,0.004240652608290074
979.0072755157419,0.002449881628502897
1016.3685977385292,0.0017711453761310523
1026.636811890143,0.0029053457241804913
1060.3663117439705,0.006249793416510889
1094.6396717659272,0.10700063429796135
1142.3449205388285,0.015804050127739902
1164.6458899083202,0.008056406079352246
1200.405125830429,0.006242339164762307
1223.975236426874,0.0028350313179141386
1258.5119941787527,0.015909595411255983
1277.7304067713396,0.0014153909586321397
1284.6701194072996,0.01234979031675549
1300.2685803462232,0.027056097471068248
1315.191499251076,0.0023510087780090386
1348.7948938896316,0.00033119507948636514
1368.6090372034223,0.02381461426090064
1392.4213472989777,0.005498944250697306
1411.8674344016385,0.01562619393351701
1429.1717163622386,0.005271951115078919
1482.751254887845,0.0043835896995296
1487.2673926808102,0.008466028474776236
1492.7670790523619,0.0029075370091024492
1494.2588893018685,0.006907859800969368
1511.9115507784609,0.008849999568106559
3012.9105649619673,0.04761793467157768
3032.5497110867186,0.0039294335890757105
3046.94479356574,0.03951629089111651
3054.2189508818783,0.029820624751847134
3064.81969466092,0.031261300131721036
3074.25290965373,0.02757431466992468
3104.3080509303086,0.0014263259721577738
3110.987337513176,0.027238257941567902
3117.7649680864915,0.01851651473075473
3120.7234783141666,0.015899820813751086
3125.7933416393694,0.0737007550802891
3870.3176007666234,0.036868554584569085
