frequency_cm1,intensity
1.4124754325171123,0.0
1.9646331854528305e-05,0.0
1.4817249391657684e-05,0.0
1.5714004780456876e-05,0.0
0.7922923424755495,0.0
0.9372345782578831,0.0
54.789634400695256,6.561605910812647e-06
114.85264546306892,0.00036348309871754705
206.05886482660674,0.009435978014937776
206.50915679461556,0.0003915645253682296
230.2673664979961,0.0022034736708645003
241.72125369563247,0.0010814145809590657
273.50681266588134,0.002082458511293689
323.6996595220799,0.0015256713723797017
409.17942317112824,0.07265197437478789
431.9213959692991,0.0017655253426869014
462.3358213778548,0.00021358131798280034
486.66139699462235,0.015181968050302974
564.8370567301951,0.037868747115165684
647.2425912297012,0.034585077212950385
663.1899803174381,0.0407960728728352
701.3145807791641,0.009022627401210485
707.8080717599395,0.008425188514163056
924.0160082229389,0.00785390253159241
956.1903926027998,2.9215319723884843e-06
976.6947676549006,0.03457163540545831
1004.6190111447394,0.013681751478328688
1020.9387679309182,8.529556413627566e-06
1130.5845621943606,0.43851168226409015
1154.4462199411578,0.06617311495847696
1210.1678897768857,0.0006931758622584077
1228.997755090336,0.013385329293794901
1288.9003373714156,0.08944441727165858
1332.921783834548,0.02343507477970409
1371.855923243232,0.05573595108534616
1397.3640247851831,0.014861651823134312
1417.1256528918955,0.03957890353671704
1453.20711972747,0.5314142184667628
1474.2863410316713,0.005242560683699854
1476.6522028343377,0.0023204440931396514
1494.5862184818805,0.028312691903901118
1500.746941025123,0.08738767704953387
1553.5854466897722,0.7972366033196366
3068.3239866691165,0.005884549199044329
3070.3049091939333,0.03176750579673771
3143.6882762218643,0.001641547131787245
3147.032045794537,0.03327886064959851
3158.786117144061,0.022492852582698477
3162.2454280936136,0.03392605787615404
3673.1815885951883,0.025026658490452526
3697.923052085229,0.08880750862007467
