frequency_cm1,intensity
1.5946973712380959,0.0
2.4287316487197235e-05,0.0
7.992001704536412e-06,0.0
1.4736634857190575e-05,0.0
1.3485554477333357,0.0
1.6402350964417831,0.0
89.7740546910087,0.0004849658432432471
96.06999195464437,0.0002617271334081477
130.60469982581162,0.0008899582829671105
212.95216385696312,0.00021455832984604756
228.01146248645009,0.001200769467875124
250.94708139121016,0.002287777997144217
313.4863271374666,9.91030965030006e-06
317.0877273228222,0.002459444903937014
339.9963008804215,0.00032334847808444784
400.1157890064014,0.004398617662205875
496.14018700198255,0.012955599545995235
529.3317631998316,1.9764079239800494e-05
578.8695898772337,0.0034757394579917568
593.7892685614991,0.003198820325944232
612.781797590345,0.012524135604372506
748.6242939707826,4.844635789816073e-05
800.2264486476518,0.01920816049299931
842.5124072923852,0.01941712625571433
902.8253428985253,0.00925983234932338
986.0537501740585,1.2250168410562644e-05
1031.6515568669943,0.09266523868871118
1059.5177702222522,0.000294214228876061
1121.0799974437682,0.06320643491212541
1169.0877826767664,0.001387973209397508
1219.9427324799206,0.04246832379178514
1233.9514411928458,0.001109436034690074
1277.825327424693,0.0008523416515625291
1417.0210311940755,0.0050263505510865164
1434.5843609012024,0.10714600342127868
1473.3243291864164,0.02641930231987683
1490.1179076312612,0.017201578017308768
1503.6920431787403,0.09624924675880572
1632.232188596385,0.0038512391244695412
1646.1738095291946,0.0010262566185435674
3076.775557482327,0.061496737938986426
3130.931708144917,0.018774894411768044
3197.1709771172054,0.013024288228724234
3224.0450459745202,0.0028381908753131947
3238.2001563688805,0.0001034558251976731
