frequency_cm1,intensity
2.1312302659513325,0.0
1.1713345243884725,0.0
0.8022665148854623,0.0
2.2064888218045485e-05,0.0
1.5191917380229931e-05,0.0
1.8504459629028486e-05,0.0
25.359678007438994,0.00023098002163325632
30.12015189366202,0.00014042108068672732
35.49193944053157,4.318933780518782e-05
53.08516580679305,5.963618434814998e-05
76.28869860603812,0.0027738585892500343
94.37513236682929,0.0006285299230833756
128.85941193998576,0.002157781815474046
202.3826357436687,0.00786214503856452
218.31794109645014,0.006210891536549686
219.48313117092846,0.004070062483115904
248.31993412158775,0.0018923369775757958
283.3581849228727,0.0018508594364708975
339.4000120785042,0.0021536251653623047
347.5617528932332,0.0014184169170746237
366.3811124144525,0.0006063536928524948
382.36662765038966,0.00418273979100474
427.8753643153943,0.004600170640534057
487.11942865324573,0.0046939526248312964
498.4594076338543,0.011678578370873051
520.2283709643759,0.008812638514011461
542.9602875020771,0.0039104653798166565
561.8655592078875,0.0014125959000345618
580.6694047784137,0.014116045295757447
596.8931283062899,0.0013790320350474514
642.632556183953,0.01620044298167512
702.9440015264512,0.029227759668753933
748.4568982459464,0.01058837370379126
775.7100283406107,0.006647589419420943
798.7721908539446,0.0018640479136683304
953.5921181815102,0.01826482944729378
1004.1721614694283,0.16159059642243395
1062.2431598160397,0.11089499367497443
1120.70263392048,0.00562968430242861
1164.2442397601296,0.15552128542935892
1176.528228672227,0.26478542476446093
1216.3190287689085,0.3315699219211507
1228.8222200496973,0.09011477225722521
1250.086998641394,0.4903632654108583
1256.4621556467666,0.038286355093696024
1289.7200830184906,0.09382479104171304
1308.9101827360416,0.018367599450022334
1345.464928984104,0.11921633795185486
1351.8322456566364,0.034614962041104626
1449.0017538174418,0.010143622564424234
1860.8594284848025,0.37664826583763567
1884.910250306302,0.03317843592278725
3096.369903059491,0.020699347269686225
3163.9338596292646,0.008054216237348935
