frequency_cm1,intensity
1.7900860584912653e-05,0.0
1.8823503938326767e-05,0.0
2.236823342110519e-05,0.0
1.5261082569941973,0.0
2.4329643049267102,0.0
2.971255177953847,0.0
164.58118775813463,0.003065183246765045
215.82683629432285,1.7923616627036287e-11
232.5140276573527,0.00309254586358081
372.7590416617304,5.613476967332735e-11
423.4569956585386,0.001563853538482867
471.1809847427308,0.002283964643354227
478.7650303448236,0.0005058651106070163
524.2105046752508,0.0013776804564978832
565.7519434816095,0.0017675951501743756
588.781793679359,3.234911144915543e-11
613.4178426197477,2.6732322642980127e-05
676.1252501962912,2.2978821811061687e-08
680.6826330237402,0.01402789247394843
698.4261819860735,0.015542941976354984
744.5632688564488,0.0513659215842621
782.4733712722065,2.2716215645512687e-08
804.8526264563511,0.04541253207983587
822.5554617187562,0.0004120347863792881
864.1026332122119,0.04090747238969743
877.99100177573,0.0010469581961504084
941.5754474953159,9.388614328628888e-09
958.6191383086375,0.003115157555965854
966.3381861688962,4.226032485351714e-09
1009.9010008915373,1.9723330737360537e-11
1016.5792180333988,0.0018250121626660902
1034.7550147142451,0.037448188508810897
1035.611549876242,0.0002632889467386002
1063.413176687615,7.2576403702573e-08
1108.1079986956627,0.0178360962037164
1114.6749417175013,0.008940303693654929
1169.6320535759146,0.0030479207349486197
1206.9398419519066,0.028394813388511946
1227.8387139005774,0.012387135699654581
1251.1422010012118,0.0036450115980381
1277.1157831834628,0.02688929871420955
1333.36629810966,0.00044104015147514473
1402.3715949827667,0.011544056371523155
1425.0435170852586,0.022669952805766853
1456.456840765204,0.000607242037310893
1490.4143699762953,0.016419119611732723
1512.4260609620726,0.0068535724178952154
1538.5216293707053,0.0010435630842702765
1592.8226827587584,0.020759378470850496
1689.882355434165,0.005605484935010034
1695.6578276872758,0.006686755195865892
1710.0287480056095,0.040021175164447545
3190.5018094550637,0.012797264285109364
3191.294819924601,0.0011542564255442032
3205.121291705999,0.01697133882024513
3205.688095983675,0.0059945388286748455
3215.1797002050125,0.00503478117231562
3215.414829356792,0.012728434823063116
3233.120103302594,0.03671092471654343
3250.284678574139,0.001602089350352954
