frequency_cm1,intensity
1.6244790673282263,0.0
3.234899792743895e-05,0.0
1.4984339138437267e-05,0.0
4.6195476366257185e-05,0.0
1.4613711347980958,0.0
2.119230681037547,0.0
105.21134178110385,0.003562034078975463
180.01713216022523,0.00040251920653370095
200.15327443137815,0.005005955392362526
227.34334325585877,0.002010977234772311
280.8061772262945,0.0032789484458715227
320.7435349261116,0.0009826776803555915
378.2253106970709,0.0021255692063558416
412.0225389611976,0.0006418679759295126
435.64651740419885,0.004211711910840334
444.41421850416015,0.027060542608097385
467.6417118402195,0.0027386806133381314
506.73383545307854,0.03621680585614078
607.7362679419687,0.0059550039290858295
687.8664016442016,0.027341001101169677
718.7318155943029,0.026497602373428467
784.4839035751298,0.0012472149785479226
859.7284947662565,0.026388996335632492
942.8272279511677,0.005540539470827593
950.2110911985856,0.01340802407989667
967.5637796636521,0.006884185278341676
991.4238728356856,0.01004835974798737
1048.9506691546208,0.03812235118121607
1072.6142766004439,0.033532055181463565
1129.582986591287,0.006137507904587816
1156.1095510620842,0.009866907847801084
1164.489408684002,0.009088227060276167
1169.8150904509866,0.13994700684827982
1193.1861190302245,0.0002632240426563016
1224.5637090471057,0.08185632729074334
1298.083188260613,0.014033953540792342
1303.6503322214828,0.022512632946613143
1342.5498727239828,0.0006220875949744921
1373.0283268041828,0.2548535596967503
1380.2205259598932,0.04925250135584226
1395.5313910532532,0.00984033054537324
1405.5072345754531,0.049335589676593974
1437.2027794252285,0.010135628857947387
1443.7199433501353,0.017180985911541713
1455.048538143609,0.0015511215138031913
1472.6439353257088,0.0006660824806714284
1493.0451731156454,0.0116463460333762
1493.6137931547314,0.004455362475288439
1511.7980834390075,4.446495976467732e-05
2987.8708584593146,0.08860519668329593
3079.120914035663,0.06358709921015886
3081.863670288737,0.012382484926543083
3094.031765639874,0.033989685205031775
3095.9205413616455,0.0010457109526702932
3098.4233290787975,0.07453182373047298
3125.09422376645,0.0020229987299087613
3126.45037460251,0.04177687082042185
3137.4750849526317,0.03789341273580204
3158.3929158120327,0.016131520440633946
3160.2591957843997,0.018824965844785182
