frequency_cm1,intensity
3.387813219315934e-05,0.0
2.9197278503661158e-05,0.0
3.593232859727263e-05,0.0
0.24813759490164597,0.0
0.9214011361628254,0.0
1.2287527576404138,0.0
37.658337051332914,0.0006243027437039714
46.21377896599299,0.00035000308512940216
89.0366715684901,0.0031079941478566945
115.13465767123374,0.0022353926190871332
141.81392431255932,0.0032067759273488694
199.74535336360722,0.0009771360243417016
257.4680442468398,0.00221929335910535
291.0849246139102,0.0020362199434514664
321.0724267186023,0.0005038255900057716
367.94568818697184,0.00043171606285748453
396.54556268410505,0.003308880689261304
460.007632874172,0.003753123366005367
490.0956571990393,0.015506351377764918
513.3725008015113,0.006728805861714247
542.1911914745511,0.005609404084758075
597.5364312388075,0.01354947925679509
661.6409548170993,0.03718824899802948
706.9870298323244,0.005568729522461445
757.5149185105017,0.015516406554533568
773.1469546933223,0.04380401271168307
778.2300346596393,0.017116882269624687
869.1505003155238,0.13059443168889306
879.0234667674176,0.027143078700556447
959.6901130123281,0.09978230499423768
972.1438200472451,0.011233536757653737
1018.938833162397,8.753074723822072e-05
1097.1167794907165,0.05525308480237189
1143.8184959064151,0.034196449913862524
1166.039480074977,0.014530869781363817
1227.1152465205212,0.06492504647137268
1285.9753842034359,0.0003148104281283501
1312.025604400584,0.09989023362105243
1436.7294237356402,0.25297985733796546
1450.5588628321452,0.00048399052578598203
1511.488269990096,0.02449186316135086
1631.8875969686176,0.20371715388138306
1657.605238228363,0.1073039672714858
1694.8977209808613,0.07140629904028944
1889.749423944629,0.4195052590214021
3236.459601889163,0.002213801088809949
3257.1181474756713,0.009261174021901608
3259.817942103702,0.007102319802430322
