frequency_cm1,intensity
1.7626914601236368,0.0
0.39685337600001797,0.0
4.582789482339474e-05,0.0
4.00760623373374e-05,0.0
2.0303254625621652e-05,0.0
2.5198738962622245,0.0
25.650686945179764,0.002749097187459942
68.07279171905502,0.0025240084113165363
125.33093145450616,0.0005286249870573175
148.45737943039816,0.0001844082414509853
168.11115296999768,0.004154548364826835
195.79284305538238,0.0019857669007668955
220.34732820146215,0.00044781306257368167
237.3426997742794,0.0017487820383213053
269.52822874914364,0.01583126446641744
327.1456981972427,0.07471746024241809
335.01903944612917,0.0252173052609972
346.1404856375439,0.0013694688937915893
352.8396171519618,0.10570699344441488
367.6734281663327,0.11039069640463338
405.4533113295587,0.012812054350669363
531.1543756700745,0.00692540117803297
539.7152691670314,0.01209372920608046
568.1552573065944,0.05772511793647946
592.1848978506524,0.015904660165798164
614.5612650231841,0.0018825113173263088
630.3285109568252,0.0026305708551073916
651.4038112657406,0.030705634201959705
719.7605092140582,0.0005153949293445294
768.1357878506301,0.010347987292926181
784.3120883008602,0.030316061182283235
807.376559833403,7.821436369661305e-05
843.6830834308399,0.026166579943083735
1033.5781670179128,0.02325048818974755
1046.0449278052781,0.11916747180678701
1074.4057371240538,0.2324186302232664
1146.3322383255515,0.15647661524192863
1169.4174542080566,0.007078351694754141
1171.7731056075809,0.14054228919093928
1185.3973531340612,0.0068722608808285505
1199.3265625300733,0.0563245035337129
1224.4558587543547,0.1511238455969315
1239.648854765965,0.02812645009109269
1291.9386170128605,0.1851426835414002
1306.9705615784774,0.12406799067751212
1361.4851665799988,0.11636957875379417
1413.8232320330162,0.037691024136284806
1475.9523580796179,0.005946274649931618
1491.0874380026814,0.02830420067194985
1496.6836090575562,0.031174587759587213
1512.0906562670748,0.13210237815266904
1582.2249518565682,0.07237934661124511
1687.1463815663672,0.37236918920143247
1700.6749811404393,0.36003992101165333
1853.6701057468413,0.6603715346519602
3068.0582772822027,0.0018713367966600252
3140.546042373576,0.02571552517893067
3171.749673833746,0.016286824812025702
3184.973026651296,0.020135249944900683
3219.382088339069,0.011292391830856436
3870.724450055158,0.0319442552645077
3873.4504514024898,0.08575236661695697
3877.307960346552,0.22278032523507713
