frequency_cm1,intensity
2.1070583871514668,0.0
1.294263809065697e-05,0.0
1.2555141865836159e-05,0.0
1.4458295612303898e-05,0.0
1.3062643761273993,0.0
1.6516524156415286,0.0
30.180085093734114,0.0007156162982427863
40.44435822932172,0.0011381460004672944
77.08813898062554,0.0015971553724854685
162.82312612559323,0.0008009973320631075
256.5073838261999,0.0002618552993403637
270.6538815603282,0.003790975624030642
290.384147808095,0.0002574282690637014
318.801844587164,0.00019762830462771857
347.7632011025074,0.0023285988823530824
481.8763039078891,0.0016888530254767146
509.30703064552046,0.00914369161196234
537.6384256760489,0.0028359596972041268
559.6216056247596,0.029869436214438497
574.4305735852615,0.0056230963893776215
580.0061639359911,0.023993816469119366
654.1292990085948,0.07404906906937833
655.6128493700835,0.05026383426365323
730.8998704339728,0.017292593473886963
764.848367095536,0.036344099350451096
809.5214941425284,0.015977079188232296
851.6375614286181,0.01961607657746706
889.755024605131,0.011037034837113126
927.679280629954,0.004835812297315379
946.0014059968489,0.0017223836327481413
1005.7465847814623,0.000784168561407153
1041.3224103759112,0.035501338678599406
1100.8835702812335,0.01698709073338963
1161.9002216086117,0.3268684585176806
1185.3405164525154,0.0010841119089216474
1214.1798534195045,0.0003585153586126397
1249.6624325235716,0.060466758663056314
1288.0914074702794,0.018512295612603775
1306.1394900921482,0.04372237960193914
1317.633736173479,0.009140790548794691
1340.579611320775,0.0795251780525086
1412.6414057015436,0.11806821187354588
1457.1675212902799,0.011571062257839475
1533.2311822377062,0.05845881371988876
1550.101858736676,0.2642739641146768
1674.7870987053702,0.02187987046308113
1700.3914849577686,0.035806166477254604
1855.1564234086527,0.2665828191581203
3097.761282299327,0.021076609127201596
3141.835937511184,0.0024244629828265576
3206.0152265686347,0.00035448235797898493
3221.7568127907343,0.004524723606819848
3235.1184824826314,0.002077947007058548
3796.674428006682,0.08931933798165559
