frequency_cm1,intensity
1.1593417126131684,0.0
0.9554683050794007,0.0
2.4641305541855034e-05,0.0
6.16700487036051e-06,0.0
3.834195000332625e-05,0.0
0.04821171670370631,0.0
230.81538723167495,0.0003243319731712792
248.26654607684944,2.814630330969299e-11
331.3556987681227,0.003981488459657108
466.6358102783665,0.0037694116426025713
481.4308831382327,0.000752235463033198
517.1310306549317,0.0059842203000851964
530.4311171274661,0.004677037289169103
621.5041024378717,1.289620753164617e-10
701.0400892279577,0.023338251875038064
752.6031234054539,0.00599131574138025
799.3202226269683,0.03033939249428748
891.7540285047395,0.03300484393055173
905.8276953206889,4.0019597176382463e-10
981.0127182126175,0.06839052138612406
1008.2391404299602,0.0005012117689897418
1030.0150947538564,9.68342461949954e-05
1096.538115991477,0.005275614628317825
1140.6665837124517,0.09644963829322965
1177.5015605489846,0.016262991340786733
1285.6330542308533,0.03146597593644123
1316.1669254167257,0.07102113857499029
1328.7729674869602,1.9085025389315806e-07
1502.9202630823409,0.03899239526663592
1539.185301693786,0.16758161179569267
1681.0024196324957,0.19052272915658558
1686.6539457439283,0.09422222622328645
3214.647847877324,0.00483408758530503
3237.721367417074,0.0004995367895923108
3241.663731581193,2.1031698593475086e-05
3247.1642748221097,0.0002580584189348633
