frequency_cm1,intensity
21.064216419065367,4.2147073777248235e-07
2.0050367722739115,0.0
1.1492791036793488,0.0
1.0992791547567979e-05,0.0
1.8749431914915982e-05,0.0
3.2045241922872586e-05,0.0
1.949767668880134,0.0
47.74087890852172,0.0034889996672835075
61.30346342544582,0.0007786843521430572
108.1633307591603,0.00028996585992126125
138.16061359721752,0.00013498095280711902
178.28317474243693,0.0005251131710379737
204.84070527853706,0.006037936670303311
279.83207550237694,0.0027150390818098786
297.57266136239235,0.0007032581026028866
334.7950004814716,0.0012119550348893724
384.1240581193715,0.006056001238796981
449.6888021832171,0.014295476334260537
521.3860880140644,0.001524492100989095
557.3489490396051,0.008196691371561128
594.324048240941,0.0011506352028341738
604.0592631697334,0.0034662439836730544
683.5212135409784,0.02789889646083673
684.1868387988026,0.000640788076318084
706.216301130972,0.013636694019026403
943.9953817747911,0.012775707787741206
983.3115762903093,0.0014634694117476536
1027.5641042816826,0.0071717852851668805
1032.0781016421927,0.000577279400662205
1049.8413553589464,1.1555428167383331e-07
1055.294485046735,0.03984877901842847
1066.9533005641415,0.0003773512730283731
1077.3949643705055,0.01716744428762335
1215.3019533141182,0.046545840153306844
1286.7815575066493,0.14776248361851652
1352.5081654566147,0.22336551301771285
1387.9299011175221,0.07726859605840969
1407.5067519696177,0.011878340007838536
1411.5549942443527,0.09527146367722017
1463.9462047462525,0.04332355885407636
1469.0721870061325,0.04586202023235156
1473.3842795494286,0.03819298407262517
1476.2516197411264,0.014915636945823462
1477.7976221254908,0.012977542610996371
1493.4078236036746,0.0104882166689954
1540.8969547692059,0.15982247085793472
1606.4993266773317,0.2203519442187759
1769.9536681477,0.22999522762286087
3059.905711020453,0.0010468406502204945
3067.1864063706944,0.0023416576094457257
3074.7018149562314,0.005306452635740134
3119.908171309352,0.009774027634663583
3123.6165052973706,0.0047380191593605694
3135.330756121548,0.002191033221523741
3177.762800070648,0.0003301661664698339
3178.153725359186,0.042476472430802825
3207.797700721192,0.0011035964239616526
