frequency_cm1,intensity
3.7156593486272565e-05,0.0
3.2104640130226335e-05,0.0
1.0007341288958633e-05,0.0
0.8213150338386598,0.0
1.2116662388959545,0.0
2.571516829179498,0.0
17.390478234115985,0.0007711444000298715
37.39276555494747,0.00018079422004955517
67.2516410541131,0.002187703798084766
79.08391433225732,0.0014855661259664335
105.4847912939234,0.0006816985372357083
191.4498235432573,0.0011838507210530712
231.15623391015072,1.659811934518526e-05
243.26219758684783,0.0010647022772052716
278.1872467474438,0.0006465361236919773
349.7331112670703,0.0065205241949065984
357.80066264545616,0.007479569354134419
405.82982584810554,0.007345621563116053
470.9361498485039,0.010036058212009426
496.1655016205333,0.005164975925270311
572.1231574561735,0.02309785830054075
684.1309283553204,0.025737991447453378
736.1340706151256,0.03954242526465527
764.5947458803388,0.0017083672568772381
802.191927420106,0.0038482169165990044
878.2460682118307,0.01041269953778961
903.7244655055885,0.0259221540443827
976.9811646335509,0.013779981758345865
1051.3351223775635,0.0267613172451565
1086.1948358188424,0.051067770242627264
1110.6749934666916,0.006711832337339804
1122.1855754415617,0.006919198317617847
1193.4739219488856,0.14361369762823922
1212.9237580116885,0.4642642428509553
1236.0762044797614,0.30747967172575863
1332.6665585081057,0.015058879642156029
1342.353505138585,0.21896345032143533
1388.1831461349125,0.008714996508714233
1398.354078333667,0.007039318414554216
1409.1032901776218,0.04612871544522368
1428.0644044423598,0.011592922122509236
1481.466179491445,0.00996835808812087
1487.047388446073,0.006016682082847923
1490.1506225917929,0.009197057051293697
1499.8386636289258,0.003065016669810421
1505.193059293482,0.012716888055018147
1831.2764216666267,0.08775044652802988
2138.46761388566,2.1266638520519145
3071.1866595762926,0.010754531816841745
3073.6714545201003,0.021164603404480356
3105.894176052838,0.021340163817058402
3117.7650578058333,0.01726760323622212
3139.317039150303,0.010994686691211827
3147.7967433272665,0.011150515760115923
3154.1550507863185,0.031870447187515014
3161.5102758021567,0.03702966038895181
3167.3004558838825,0.025066247755551732
