frequency_cm1,intensity
3.48134202627524e-05,0.0
1.0488875658188323e-05,0.0
1.2353160526914397e-05,0.0
1.636794509868225,0.0
1.791280761110928,0.0
3.4722356682773112,0.0
49.54511351420309,0.00011164183465384876
71.62054856848671,0.0008080739405301908
91.8126813840584,0.000609734365987378
134.96580891327187,0.00014088347840440755
161.25118350556218,0.01005154569559309
234.17332708922942,0.00633305924466945
236.53877899571586,0.0002849596368025493
277.66579511056773,0.0001469180734223997
436.6587707943436,0.005859795942854585
487.86930558894016,0.0014250419664095272
764.713447950158,0.0011729371743454068
789.3437369362381,0.04357385468025771
800.4703437537303,0.0009769643498176773
905.6936238020191,0.0022584122714166283
919.2588215173336,0.005634125314418048
1033.7434987533888,0.012993213203210237
1060.3679210385735,0.002273287157646691
1075.545721861294,0.007885265663364952
1090.7997080970529,0.004310547513094755
1164.0913221296287,0.0029151204687199173
1182.8645370975958,0.00046517328703202286
1182.9393184521934,0.2497771858063259
1215.8045528266719,0.0025987259432978193
1271.782961764975,3.0385682635927804e-05
1283.3118774313161,0.0050912685033785866
1301.3388339593423,0.0024791954172824603
1323.319788742888,0.0014188103955331665
1335.0778993224096,0.00428842092778514
1402.4660073658292,0.025243995479688683
1417.8413857920968,0.0021623467563887996
1453.9332797898667,0.001470056012665541
1487.9666361565194,0.0011976481983402786
1490.4970891693038,0.009778555232979824
1494.6938672570952,0.00636515038796355
1500.1197017529603,0.004342679238712936
1509.9059858220617,0.008682147852234352
1522.2739473651789,0.006610480999616999
2987.3478586191354,0.022634445819729555
3011.5159309861633,0.05814201993012734
3019.6961509414928,0.04766999129822778
3044.8528040957513,0.028802015860742453
3054.147156894034,0.032598697339571533
3070.243367255962,0.01620291565038664
3101.8032049882086,3.298509140600296e-05
3123.505721151176,0.00510628365649824
3124.1015184031544,0.04751370255134319
3130.2064160103805,0.02401676858981048
3187.6404898458877,0.0032246451048026747
