frequency_cm1,intensity
2.60865068135257,0.0
3.308396999600205e-05,0.0
4.961937789969245e-06,0.0
3.156189417149556e-05,0.0
1.4354290749006615,0.0
2.1709726172006145,0.0
55.85355715649455,0.0022049903093138484
89.9082890903759,0.000774765076352861
113.86807226172411,0.0014453153711886507
195.27114530053024,0.0012512044600172328
252.6743145180246,0.00016711068554486574
301.6978640581026,0.001746758949504412
359.48467919244735,0.005000997531845191
414.0543812473288,0.004142939486134184
452.8371576078272,0.003956110378384728
476.11561189272953,0.0015077734901572444
598.4196456415884,0.0005954453346728362
644.7664162818324,0.0024209588389845498
678.2076688690993,0.004168176504622841
679.4920637191773,0.020256494167015995
714.9295050442743,0.019789570743128097
758.4861941482922,0.024642739244922673
789.0240485239017,0.11560974314222897
815.8083135341412,0.026463960132952682
852.2896160137774,0.01533867573538782
904.5798556372088,0.004852564658063198
916.8011759350136,0.013791752717462705
923.9777702493816,0.04853279856126618
931.3890740978277,0.0008855535565750317
1010.4179270844061,0.012899780929947952
1017.169090195623,0.00017643385725923952
1029.3330198744925,0.001261857728556298
1084.2875289927701,0.06015284598195731
1112.6778283669832,0.014736654753599985
1123.4396570161118,0.02158193751150948
1138.8557185839038,0.022738102815812688
1164.582657152018,0.050543460667916124
1187.3176795574955,0.005159948485050176
1266.9148158856453,0.07902984534562804
1285.3767276404399,0.045036598022910955
1324.253308133651,0.05851287398343962
1329.0274975495322,0.015874222471798153
1357.5215102382876,0.13819975759159414
1430.2627565147254,0.01929529156535251
1489.5383061512753,0.03262856104209159
1525.9196418771191,0.030690339806555892
1552.5312730188907,0.4997214137975938
1573.893347436275,0.17022076810135076
1662.5072544938762,0.07471113731518607
1678.6072830058517,0.2502179127909088
3211.75753223568,0.008516611771812937
3231.583215344826,0.029612646873341267
3236.167897099977,0.011322409723924672
3238.0419482260622,0.03579407673449619
3266.0739776214496,0.036563133706740615
3270.322080225954,0.01693522876102891
3299.261526266171,0.023642561981632542
