frequency_cm1,intensity
1.2297620910001483,0.0
0.9323190205639331,0.0
3.667834399562573e-05,0.0
3.1942084268681124e-05,0.0
1.8769506669226898e-05,0.0
2.5010254333755344,0.0
52.69882724453736,0.002091591160543144
86.9086491890901,0.0006223465898761657
107.3245687661045,0.0002801219658984353
180.64354999940133,0.00030149214981847186
239.7437274457463,0.0010208812315096645
322.39016056698273,0.0011437342854050945
334.43628829811877,0.0018568325449691064
444.3091007333514,0.008119535904440792
474.6558063879583,0.004995677368686529
495.7978786175082,0.003904327441214766
568.1663608048303,0.0013886534315602531
650.5123673535172,0.005839424420347411
672.9128279487096,0.021570560855863462
679.3169122222032,0.016299965324734395
743.6625438897875,0.015965927460406235
755.6146115976385,0.0211732766595023
758.3037327034561,0.015238768165149559
786.7010773607324,0.044798981376725285
859.0391810354146,0.02013029431657064
899.3383479917387,0.0014569783181401425
902.9051200982291,0.0034267852515777074
923.8621538063793,0.05300327963045128
986.9317057611189,0.0021669729538241304
990.8234829675116,0.021649020101817577
1027.4345370797541,8.374948459358486e-05
1073.545256228186,0.0012171958890502602
1079.666605836296,0.05680988120484333
1096.8581017455824,0.026717244530573375
1135.0033260812809,0.034138673406825124
1159.7256870996428,0.02463635677573408
1164.939766769007,0.01142292961184062
1181.3288772202263,0.0015282188818461079
1270.4530960587513,0.07497119321050197
1287.1045418261099,0.005086798522692097
1291.3306599826117,0.0227294003748258
1331.2848435089159,0.06584689943654354
1352.521974837421,0.07203828246279527
1431.4711573316229,0.017098212115117566
1493.205467037004,0.030906433108105893
1526.0180347035741,0.008923548528933409
1558.229842593761,0.34127393587110993
1571.9428462618223,0.20788379048984287
1656.0339506388236,0.02199007672134781
1675.503910754335,0.06268853971733772
3207.8076807060347,0.029798131784982678
3217.972264647,0.028223020197319718
3228.1804846608684,0.008194577347933196
3234.498357904831,0.003979854693080876
3265.192394655437,0.04958427571674834
3271.7772623335536,0.03620063151502248
3295.8318665852894,0.04728634471806361
