frequency_cm1,intensity
1.971695205681607,0.0
1.1805172623616607,0.0
2.900013918121272e-05,0.0
2.4114619894213106e-05,0.0
3.725771479109238e-05,0.0
0.41762279428130866,0.0
54.961889091753605,0.007960423917981335
84.81778792264112,0.004037418978739016
176.68946670146266,0.007310272729474254
258.2229137525377,0.006394086732840654
310.71491152432134,0.006366160427130017
332.745780320932,0.0022522297164615348
419.0727784072574,0.0022781066192573813
456.7044155428995,0.053870305095107984
481.07290049934466,0.01176318892247972
518.7236701442337,0.018597852388906693
541.5209793417425,0.017846952377183437
645.8973314629317,0.0004300655358253325
712.1069777793089,0.005587135350579587
740.8572053988486,0.007730790199510378
792.8587534738984,0.015251756017129373
827.9760291968951,0.029845577725465238
885.194260729992,0.01218300895956198
966.9954848176684,7.856496154663813e-05
1034.6997658567275,0.0001820969526322397
1046.3302247951306,0.05128930767613686
1123.944787595224,0.06083208815363502
1142.1015533752827,0.057126742026763135
1167.3525247318616,0.08483267294001935
1213.9436162839309,0.09751829513922
1273.859401117953,0.04620516472612993
1340.380872203694,0.08862238596496846
1348.1405334387982,0.5152093582574417
1414.1121568336425,0.2200579026380165
1522.348143486928,0.04042690227275563
1637.5581871854884,0.02472244738464878
1665.234993367049,0.33105019249261514
1857.5808310848608,0.47274642514597814
3173.055467821014,0.021709150170241515
3228.544162906524,0.006750556770465036
3247.8583454481204,0.02158095280321333
3874.131788579454,0.13805838946075966
