frequency_cm1,intensity
2.4044384305537838e-05,0.0
2.8595265159067442e-05,0.0
3.3310023905153035e-05,0.0
0.7075064071046195,0.0
1.1927743242455846,0.0
2.066282333982024,0.0
32.78413659902072,0.0013907639851205417
75.2623158982402,0.0002139863335647427
156.6977891912154,0.0009187347960379451
216.0057169877959,0.005784546727785535
264.12496553552137,0.0002662303032462455
279.2234041318627,0.00018851256790038958
295.8217508081854,0.09669290640500718
305.4351985208457,0.0149391573738623
400.5785942044705,0.009703595397452056
416.1588167556565,6.186509596396784e-05
431.0368993925211,0.006605511231916706
483.1532035355013,0.010499668246800563
533.1783057646927,0.011210400987673579
635.5067679378991,0.016057859785875386
645.9567977676897,0.0019177594372081221
747.3396363579965,0.0029479470511543254
785.2212514218623,0.013179268216784114
858.8258999068275,0.010524791934081967
865.8633384510268,0.009822005017832697
918.252564680699,0.020307458698556144
988.974312598244,0.0011693559643617614
1011.426836554978,0.0005430660260937593
1028.4201504159707,0.028479318089779944
1038.7950039138216,0.045448021655110804
1087.626989352931,0.025177177839163883
1114.997561308749,0.045681199954662056
1118.3247589968862,0.03200917046839027
1149.6889980762608,0.019430295236111023
1211.4174649289575,0.0015419476675199938
1231.8708206210692,0.004291201611271203
1271.5171909109524,0.005726894972894467
1297.2704995269173,0.007720346319605427
1331.535365573273,0.005303065306501258
1364.465977495565,0.0375821410339182
1405.3034081500384,0.004256276604362218
1415.7383765385116,0.07121704444062293
1447.4010878689446,0.039810679636436586
1491.7228723421779,0.009004623499904779
1493.0387669262811,0.003077878600553902
1540.5091967044364,0.05958730185162429
1647.7130568444002,0.0005023296355285184
1673.2520529447559,0.008158486255275174
3055.599046311985,0.02599944562408659
3067.68865343493,0.053521552603525174
3127.1057412452187,0.021818223737393862
3149.8167615517577,0.03051645128456605
3209.755711663188,0.0073855258099867266
3216.930080612955,0.0015034844301850619
3227.5939709296176,0.008189330040899726
3232.20363294508,0.016172683233556306
3851.7397052056035,0.05852874203966637
