frequency_cm1,intensity
2.215746519576447,0.0
0.4395294549398519,0.0
3.170630643430238e-05,0.0
2.2852618832549685e-05,0.0
2.506078551293465e-05,0.0
9.38795855638567,0.0007353433190965237
119.23069283277832,0.0017257911509830765
235.9658547200603,0.0008743661276921623
236.29749747880103,0.0018925313257440477
366.10073839709304,0.0024011168060693554
750.3853635553937,0.003906857530993126
760.2235579874251,0.0373445278847157
873.2980182636386,3.4746091521047584e-06
919.8439207608251,0.01190833957550505
1057.8904718370482,0.0005013274694456648
1098.4686659826173,0.003521605720320394
1128.0687729577617,0.0009789756090264595
1246.8541677104454,0.00044089117745175013
1286.7959121121428,0.008585741302719099
1321.3862657808902,3.832462139898416e-05
1378.0715370291748,0.009886507911626641
1415.774563419729,0.004280666878575372
1485.0304474760424,0.0029035512343898082
1490.4062438252822,0.0006990530209104317
1493.7585800765532,0.007269800208919516
1505.6252114079466,0.008620078343983185
3054.2962582462856,0.022509107110632413
3070.971846993454,0.009450775262716156
3100.003234675596,2.5709481800913534e-05
3101.847514480899,0.037507664525593044
3122.2852240900665,0.028233077743557402
3131.4996454114935,0.03466277533050428
3162.219026420169,0.025737621780075777
