frequency_cm1,intensity
1.8935299105318693,0.0
1.022832902000341,0.0
8.317655763197853e-06,0.0
1.81346507199831e-05,0.0
2.9077768916486e-05,0.0
3.347252044266772,0.0
29.827050589247655,0.003981877897473778
99.11034894987648,0.000577468623780591
308.68941671920925,0.004225429125703311
389.83700611702545,0.0007753135800717022
487.1858261190543,0.004085722763726778
698.5509217566698,0.053729949716992055
735.2393564942214,0.12618431189811619
971.4066042847536,0.030497027338655214
976.2849174933334,0.024313285001745726
1047.7449990512298,0.0245186826171306
1154.8971296176137,0.3268574100749834
1276.8656222083425,0.05377312232069005
1330.8850069998716,0.007394466944204247
1370.0791348898954,0.06982544750301942
1376.0992489566586,0.001935342349409702
1475.3940442880528,0.0002349768541535303
1503.8313579451578,0.0017588610103504772
3090.729827783451,0.0006844892873144733
3094.916744766505,0.07131305159185009
3199.3663465748755,0.030475180194237214
3201.0262171472514,0.05022585986960752
