frequency_cm1,intensity
1.2904401782333497,0.0
4.104649372949051e-06,0.0
1.0650805550762566e-05,0.0
3.450043853328932e-05,0.0
1.2790340258425597,0.0
1.4299731610694557,0.0
62.30341162796671,5.009713760662589e-05
81.33993812745935,0.0030845614420090357
99.68497662343145,0.00017114629608593241
129.59150839442478,0.00016999600825232014
162.37651504203055,0.0017416842462118396
214.87016393229248,0.00015176113055074506
221.69373572015215,0.003153718047530326
248.73027042024003,0.0009918745727962553
278.6768978097501,0.0014559187991977115
306.99714378924386,0.014453064268827
390.15382960924916,0.0005057781892686491
435.0204929484,0.008913483749691095
465.04911439466105,0.0021158276476309855
504.5694451904566,0.0015027944767285592
548.957942953498,0.0010392896829185053
576.9659941637716,0.0014253552937609287
620.7873823148216,0.008133061702220966
627.7586253327192,0.0011299850489060158
712.8060419280934,0.0045283867989979465
788.1653780657106,1.1812935665370417e-05
879.0589723529673,0.006368612128447133
896.3379090316525,0.0009198146521863098
943.4320712941419,0.007336154408460796
998.7114872155579,0.0008959861884961385
1026.270850065465,0.014067807645492548
1042.03002523256,0.003209430058560471
1058.9629629516587,0.0007342993954989444
1062.2846314009696,0.0015130237894602791
1171.4424787449964,0.003639561901086016
1243.4963817677476,0.019665431246855443
1260.461185269929,0.026011885741796845
1323.4424582279764,0.05368177831477168
1400.8671252270085,0.04460157725792442
1412.245198349201,0.02111424416373347
1422.8341043965386,0.027985200447421817
1472.49087665609,0.009019920917215951
1475.1244950315279,0.005660940109424918
1478.851189046906,0.0142555824770286
1488.8741267246894,0.08178578118024406
1503.7118479497433,0.0189253106772732
1620.4951191508499,0.2368649797454906
1659.2700617501807,0.1469525709327308
2376.9425199730113,0.01329010058863332
2737.8280602639893,0.08712894344968684
3070.1048288263464,0.022552737190302884
3071.412093096533,0.0076240024919468075
3132.695223910515,0.019369280971580916
3136.887720014353,0.017850772290887638
3160.0017227184017,0.019498871995781635
3160.823687866225,0.0018878555867350806
3216.201847927039,0.01608215362018595
