frequency_cm1,intensity
2.7969681936654097e-05,0.0
1.777313885322479e-05,0.0
3.563822752140328e-05,0.0
0.39176713178229067,0.0
0.9936611791172583,0.0
1.4162018571580577,0.0
144.77119961337365,0.003384641914884944
175.6123133812271,0.005280477040701731
258.7465443032649,0.015769801469301074
292.14010067772824,0.010164583914046727
383.8652111256498,0.1431871122416054
434.18716265035584,0.0023541339759548382
463.39078324045624,0.002395065639402316
483.65085875284905,0.00033651903350987843
497.9691129316491,0.0029136824615213055
531.5854419770183,0.06670447831485776
563.3753935655269,0.15537711288233907
587.4020399628794,0.002335185502968023
600.7721816682154,0.022877143438627276
668.5111602887541,0.017319874497994055
730.661183860223,0.014784633471140885
764.9429904126581,0.01787131060111742
816.5271136653092,0.04319645918743128
821.0173713061673,0.007079262224000325
857.4415066132857,0.013942409476127252
890.1666874202463,0.0013903327541044531
910.2303171006199,0.011295987711079456
984.5489932693616,0.00011161549146892214
1000.0823555728037,3.125928261061858e-05
1019.8299627016138,0.00027523057622035003
1048.2324794491299,0.0013563512182519295
1064.4497929296492,0.0021494930699577845
1114.58475080858,0.03516722404343878
1145.34149728214,0.015040254058720295
1158.039522834193,0.01346625311324056
1210.326534916148,0.015438088020819836
1237.5222603873383,0.06841229454546335
1287.0809097427561,0.02853568491156599
1311.4719199692274,0.06687839804727491
1381.6819362547596,0.0012431099051459298
1420.317283795525,0.08828100366831441
1441.1197643249818,0.019188796257339838
1474.197329202522,0.03268924983877166
1524.538404653922,0.0659445546567158
1562.2576796310595,0.15663901502619784
1614.7411391130568,0.12872478852391392
1658.4546111837096,0.2033483063726289
1675.9014409309113,0.16038597568268237
1702.887467076977,0.0696006636597677
3168.201737074151,0.015204578695072407
3188.590725854343,0.013612479595638206
3197.9381691683043,0.02390803506642113
3201.6080936168937,0.035474283593479025
3215.707613679037,0.013788509925047971
3226.0871879624005,0.030834620713744567
3602.688252573915,0.13505102634265098
3719.8267742928088,0.013963306887401888
