frequency_cm1,intensity
2.9139754347935564e-05,0.0
6.017917674684905e-06,0.0
2.5534334606098664e-05,0.0
0.6173314875110053,0.0
1.5022165381034565,0.0
3.119432184410091,0.0
32.37087925224765,4.964768592636477e-07
49.1802334462253,1.3986170989971139e-06
60.42108704572291,0.001309991297965116
87.1024360489365,0.015085658914838446
142.50813485857213,0.00033854540776158507
183.0454675432405,0.00028894705099153566
245.5327005518304,5.353577104106224e-06
273.14479149504535,0.0007499271103592238
312.20823826821464,0.010618483741547233
341.6903052828651,0.0024678430917700615
409.3255847965056,0.0025711608345952703
460.33913777172575,0.003564767679737998
460.9713655197701,0.004661299550388582
537.2421020833046,2.049063118144737e-05
596.8320585839623,0.016187853001954394
607.040389360921,0.01198799876970004
627.468828490365,0.010576972868273147
651.325963193192,0.014311988468477387
663.9581487732308,0.07208028453643907
733.1446055767884,0.0017770583536338505
736.5453392012201,0.015836384096128454
764.8537462696529,0.009907106386860405
836.1463783025371,0.021795518447847866
921.2352635569358,0.04096916510969067
932.7482190804487,0.022982337905666794
980.6145598883236,0.0006065936133779664
1017.2032466793155,0.0015317331637172648
1058.9006575335932,0.0019184215734706167
1104.7005679245444,0.00869929402968485
1168.1619124715241,0.02520197023143952
1199.1218693727951,0.025667634880280975
1245.569527005384,0.003808906135498702
1281.963010479903,0.033875661862786115
1308.0695318850965,0.0033929114720843965
1421.5806354760207,0.02096764780221415
1434.4778949350864,0.0007702937840942032
1482.9389168209852,0.01919936090820002
1489.8633305993671,0.013627726255372476
1502.5679519903751,0.06268851858339371
1583.17007460605,0.14413814833457164
1593.3429099502334,0.16688437525901942
1645.521374781955,0.08603959115265448
1700.7682999039448,0.20662203817180622
2365.524674005772,3.462819899967045
2383.954184482429,1.1721074471398056
3052.1648274040917,0.035446153497271024
3102.3442396443957,0.015545282635928607
3149.516598623623,0.028032806783398354
3202.635330160847,0.006759342885564541
3221.276723706101,0.01375333233236413
3247.395857152072,6.961998056198037e-05
