frequency_cm1,intensity
1.683717658279149,0.0
2.900212448087373e-05,0.0
1.4227600482526502e-05,0.0
4.019991101852191e-05,0.0
2.1396547626353386,0.0
2.3530589467808407,0.0
107.9711880513714,0.0006735683473217617
205.06906273467848,0.0013999445692184046
234.78857695534913,9.967198006646458e-05
260.71318414577826,0.0001837506098142868
296.30508055623056,0.0003438154120306776
301.6056952200525,0.002045702088754154
334.6162797025503,0.002127654920624459
373.1102172430921,0.002716447379107939
397.9057237863401,0.0034346177770576487
490.93422773913727,0.0011189196785199725
581.0014044091769,0.03387249306746226
784.1255450950293,0.0005055603840968299
816.5967932914939,0.018072210924447205
939.9003002751383,0.004591683389586692
951.6221310249026,0.0006623329478114621
1012.3800466781411,0.003751403156509695
1024.2654531000026,0.0022542299244633804
1079.6069417605672,0.002598289407150869
1091.1773338641162,0.002036781736796458
1179.4462108030325,0.06291662409885886
1223.4986018992115,0.005026093294466832
1260.8436000778706,0.008118162023759699
1319.4846231175025,0.009619342508939536
1378.3526563669664,0.0030201194875941195
1397.7813197097094,0.02807329458345164
1411.3526501796434,0.006130037866054106
1414.8600441949288,0.0145182459737156
1464.522097340532,0.0006212374357890101
1474.2736078276037,0.001070634982234159
1479.8291135099414,0.006802942896691619
1487.6167402160852,0.0040575917073886756
1493.1741236516373,0.009972543975090998
1499.740673614589,0.006838491886236853
1508.2324452465036,0.0010499902042548515
3046.5028561235576,0.019368393304311168
3060.7383847875208,0.014115913632998335
3063.530645314742,0.04605068175740013
3067.968951349416,0.03501182613526234
3093.7379905318576,0.009749603735712327
3131.84176362457,0.0011701506281553613
3133.338754151534,0.03052443055332703
3135.5417425440974,0.042172010680072515
3144.3185910732013,0.0341086931658763
3148.624460240043,0.019691044934015287
3160.4845595906027,0.016483623380094906
