frequency_cm1,intensity
2.1744961793341266,0.0
4.336824283944946e-05,0.0
4.2142291262468846e-05,0.0
1.4196858954819135e-05,0.0
0.5459958771888276,0.0
3.3270031624633267,0.0
96.37902398513636,0.0025461314174375863
167.35961183455115,0.007527846182073626
206.52856274187445,8.462210729097547e-10
339.81481606749634,2.2133992288962882e-10
355.55803823935463,0.0172269965331101
390.8136485582158,1.0936699520157853e-11
424.34646527828795,1.0566693570752304e-06
438.42205163928514,0.028187268528489465
478.2987941798196,1.1764299800878647e-10
499.16207491098316,5.387222533049858e-11
675.9704138510707,1.723462902331434e-10
695.5319731672549,1.6191463182490715e-09
700.1476381777827,1.3367517224393438e-09
703.3962577371781,0.17506522017224876
749.0364274771275,0.16456910604248962
779.5080250020692,1.7974719014895955e-09
790.3740154028228,0.007923870317002481
837.7356654656554,0.11468232585620339
880.4130670843326,0.03319542482175969
881.3603999763058,1.024182371227969e-07
1186.5857560848503,1.2113181519325385e-09
1222.6465335239436,0.00565018331723814
1252.7178781977595,1.0548034370902653
1276.778819119695,1.3364253006718172e-08
1294.058560815287,7.93917922773147e-09
1370.1863999490743,0.25548006673463824
1436.1092651932122,1.3301045941267033
1445.091246845123,3.773231996486899e-08
1728.93636818605,0.4828452023244512
1741.2444521471473,7.286127516132082e-08
1757.129869380327,0.00010393067716996618
1760.585671499488,0.59704195302055
3249.8892554393146,0.014870584208372372
3250.456397951733,1.1467948991793909e-07
3606.468717707618,1.707866303759452e-08
3608.8780661287137,0.17550463699947658
