frequency_cm1,intensity
0.9206163072960813,0.0
2.3276480539863258e-05,0.0
1.2100388435768496e-05,0.0
1.1786898361596066e-05,0.0
1.1539675452107128,0.0
2.881615681393138,0.0
23.06461490932352,0.00016594169658804445
25.440297767282615,0.00044434202949759043
57.1036888247925,0.0031714003562413337
71.81035323965551,0.004776800686697679
100.1765333618332,0.0012698648025407573
106.82068999082381,0.00018701248952091644
122.29068381726587,0.0061246810490061055
180.54455819277487,0.0036000749429209306
186.87961223232907,0.007645269920765889
207.364192120304,0.006396148594877406
246.2865570575483,0.0028147707122751398
272.88422345940353,0.00032044032712302763
340.2960441631097,0.0015499962854597252
358.3783124732574,0.012544037210577912
388.22152285473743,0.00937964317559165
474.36860779442753,0.0026469106877407152
477.98095658205926,0.006160887801172528
505.9034735855914,0.059257405292115824
540.8112423320749,0.0819879975744588
682.651201541466,0.00849506878300796
798.2557499788046,0.051703336522467974
882.7773944151925,0.10643345958777282
888.7274572586488,0.13122428317811535
890.3764414841166,0.17305057137878804
1008.0903011745648,0.16615842795497168
1092.829123430114,0.567609006474191
1102.6763881139661,0.40361823542177405
1182.3665681853006,0.13068014413302625
1184.259751212858,0.00276209174050438
1186.124913885449,0.24110445941602168
1210.9848665223758,0.11804431839589576
1212.2968682175015,0.014919762822952981
1306.7711064164814,0.13548859313796496
1338.3365470490987,0.039024277893454945
1480.2469205359318,0.01750454013506739
1483.4508480413328,0.006885601116340571
1492.6576132122395,0.00871413067401078
1493.7764566899848,0.009052487174732407
1497.947302864572,0.011618950480805745
1499.730620933873,0.008504693746183423
1735.7993923426145,0.01370029741553905
3075.545660015576,0.04240944340493695
3076.742509373375,0.0331710129386171
3151.6694742937148,0.020996198959681873
3151.72586923804,0.016562571324756532
3187.366686539003,0.006277181279637778
3190.376688536052,0.004005462760344929
3242.1396507154495,0.002862783628439599
