frequency_cm1,intensity
2.4512903612782897,0.0
5.066517118665721e-05,0.0
3.806025039309362e-05,0.0
3.291096812717462e-05,0.0
1.7471604716731326,0.0
2.718090970121095,0.0
99.23252365092138,3.7301577627507234e-06
174.60771496905795,0.001468996490274109
191.40407602673616,0.0007965138629240947
425.18122031715086,0.01389486738308138
516.1413709099546,0.0027721543310914483
541.3217792133544,0.030731090161842736
571.3018917848193,0.12635176414862578
632.0238252951261,0.007159076303903894
659.8401722529343,0.0008911914321663625
697.1805192014198,0.11210702203943342
769.3413523997417,0.07581197215861639
784.7754477694046,0.046454360863611426
870.759379783215,0.008533829263822205
909.3831006744256,0.019957521902444857
931.4562284335591,1.075727327495043e-05
970.9744914645723,0.014450369145564084
1053.5707319480277,0.018426644095910178
1094.687355858236,0.05152814779602899
1142.7793908711994,0.050489894637940944
1160.7301501142351,0.21899382480891677
1254.9097945268145,0.0039758036362518645
1292.9374811625469,0.016233910843772934
1379.8442390580585,0.13391949843519654
1459.671000732069,0.00840147984051978
1485.8412976641464,0.008636171639745996
1497.4908613505334,0.029025646194224923
1624.7976737598947,0.051458383317352106
1825.6932742449164,0.46922517213853077
3267.0355377823757,0.003909441833368236
3285.137584516852,0.029445094451346465
3291.334031724048,0.01246130891720455
3716.047209867771,0.22360412700154023
3810.8533188786187,0.4823551758536134
