frequency_cm1,intensity
2.562624734248703,0.0
8.857069493000864e-06,0.0
8.80587521258738e-06,0.0
4.018242238824985e-05,0.0
0.22904281062483153,0.0
2.6656949133908716,0.0
50.73906010985549,0.0022518659502181984
152.79999677371327,0.00041100545044579995
265.50936905140264,0.02715809840795487
315.574772925384,0.09305540807204558
389.3970682745864,0.022357168122757762
506.4272398948927,0.0036177390330356233
580.9807359485214,0.002954061510560962
650.8817902208126,0.009247884507614676
688.4156344495939,0.012928808959584542
728.29272862835,0.06979230086370164
774.8912652394833,0.008705554121270973
865.092761910592,0.02117225619656704
878.01250092445,0.01768262280696333
941.577177249083,0.0018133987657124536
970.0727931765052,0.02447706025686347
1058.5284600911261,0.045446369911905475
1070.7519682824552,0.04438729814879956
1106.2803505443887,0.0013932386463023237
1191.7495438830344,0.04993566988170263
1216.1133397642625,0.011345951139865426
1271.5413683108734,0.017170278738418854
1347.6026831397978,0.01127732838974516
1405.0030659428458,0.016897961930332855
1421.3552709537826,0.12175655823883971
1496.8342929919081,0.0060874804552562695
1498.6043225194333,0.006973036822273074
1610.1291866243228,0.0012475010699880306
3047.199131254203,0.031851550490471635
3115.142557060749,0.018892835515259946
3220.008132810257,0.000390559246594912
3239.0596698918625,0.008680421416411952
3272.5419800747186,0.013831983890380062
3855.0703126479925,0.03913438181192837
