frequency_cm1,intensity
1.6243581091302823,0.0
0.8979975836825659,0.0
1.907543038009309e-05,0.0
2.6855381311786826e-05,0.0
4.3864512578908306e-05,0.0
0.36004101719637277,0.0
77.98185369843472,0.010163770787708215
107.8391732818323,0.003481057272216343
177.90911721346174,0.0018915499983805607
186.97311762996833,0.006495784139209613
199.89422457752508,0.00546354350565226
292.294059954551,0.006163573221897024
388.2304562311196,0.0012308035994341212
440.42711583430605,2.1582987564662016e-05
449.2086229364518,0.004583015523048713
550.8316091301054,0.000849583747369036
637.8812011942999,0.007827521824491724
678.7026924591349,0.026800685422222685
749.1418070680483,0.006155645287795323
780.7931802871962,0.041146585311256645
789.988362686738,0.027851688150380333
892.0883918330204,0.0344112391976136
905.1031587755914,5.88610905354973e-06
983.2977174681686,6.456674924552189e-05
1017.4671281225646,0.002825617700355339
1021.8073048666299,0.003009469560604543
1035.3532236035262,7.25024905247814e-05
1079.1060134317559,0.00019340198696579715
1145.8743846696025,0.001982616716189611
1183.9904471203336,0.001096991785731524
1214.0213283252945,0.020488676927716255
1232.5549745826013,0.06805643324350674
1304.2196937482665,0.007822773519556453
1322.8282444749527,0.09096807868626265
1419.558204075872,0.02616456702241888
1422.285795382981,0.04368209278023477
1493.324763024164,0.006758621296753559
1540.75679498031,0.00028073453246499813
1654.7398912953888,0.02653535803064911
1673.4857025578706,0.01718321088856202
1814.1045671445158,0.044874383896290955
1834.8649245163313,0.31642631443308344
2910.583099900475,0.04488613837910848
2911.965521775047,0.15482818472053797
3189.9152712675877,0.0016989066296470635
3192.23154804177,0.004375184591324652
3212.7968395725,0.023865283299501223
3227.843108505646,0.01241995901907262
