frequency_cm1,intensity
2.433354428249924,0.0
1.5474349794964384,0.0
4.0231790587154134e-05,0.0
2.273415534427611e-05,0.0
3.0301736898860257e-05,0.0
1.1820529929415713,0.0
25.457550112615806,0.0005476231124172045
39.86432154549436,0.0008512799298142185
72.49644425083683,0.0020615290408167895
129.58571494063304,0.0033240154352361536
182.1081987897474,0.002997932750951973
185.40263700512216,0.00703080826983565
240.2805453337194,0.0002638734352797837
254.7691402220541,0.0004281236386634804
340.78403455886564,0.02193088127086561
343.14440638674336,0.008404620199289108
396.4050418780127,0.007665669806596285
407.120010276741,0.018840651508882204
513.6741807223799,0.029437237536949833
589.8073700605896,0.0407171047568624
606.7885898922219,0.05146195743764549
790.3877881248017,1.500711715701091
820.2689896418015,0.0031271865677534984
821.9576817727457,0.0011831626461048155
840.907290344151,0.17710271778941244
955.7734011655956,0.01779310831784455
966.802117671165,2.094676434931585
1060.0632407937683,0.03710386651398112
1071.3533426290237,1.1635906426338394
1129.8848789977724,0.06313555027489065
1134.151816745649,0.0073124802590689725
1181.251359750777,0.02075026035197115
1182.4885196025239,0.0007365874744287095
1234.4545654522212,1.4141816788379256
1308.7803977715105,0.0061063189267792735
1309.7155912100181,0.015734729327902472
1404.4508792194267,0.027075046542724877
1404.6044653140095,0.024633380786102835
1430.0977194136788,0.0025847644677466602
1431.5424588797434,0.05423474775601221
1461.5285485366028,0.16598794676743733
1480.4284097776165,0.005113390551166175
1480.503994676917,0.007738330967892902
1492.7288327725107,0.00237923880002145
1493.3910277190478,0.001021931688679741
1513.558924420249,0.03583218884764564
1517.3112824739896,0.009720859981008512
3074.467886724619,0.0357756008618876
3074.8145165078818,0.05544038083271546
3093.2124087668203,0.0043873345606967465
3093.821327142137,0.004608156447530867
3140.71978870302,0.028983479622005807
3141.2680171923776,0.018034940137521743
3148.471560639811,0.012174568769754387
3148.7862815541876,0.015486525955943768
3164.8862882544668,0.007757142436253597
3165.4113427068482,0.003476373248400097
