frequency_cm1,intensity
1.6142081907133794,0.0
1.036170085850529,0.0
0.35546375893484483,0.0
2.0701357968863658e-05,0.0
1.0662981963337633e-05,0.0
1.2619928357701684e-05,0.0
26.61194684124659,0.00035749816668444195
35.74998519833949,0.0002889690443515792
50.53281497819966,0.0004946050564008609
58.6707109275655,8.514961291080242e-06
91.2602163748769,0.0006407330263098726
154.71688215988394,0.0004588822665956008
161.02174952902038,9.070619189555592e-07
194.85998812196613,0.001405743963815918
215.05016139764658,1.5507622953915936e-05
232.15799869123808,0.00029902528734366846
242.65436096837246,4.756932444660389e-05
318.2685361942122,3.0380163055731017e-05
323.76256103981984,0.001775456985561302
359.7452268791854,0.0008662030285531743
364.0586302529738,0.002345576065740924
371.9946425962734,0.0005196549786284378
396.97940581204966,0.016503222124970844
478.2678964959457,0.0014570857665413266
484.9070632312597,0.04545428972251594
530.1111404323337,0.00012932588318436536
534.4025086742284,0.011711924723901387
556.7712667209045,0.015933097370353328
578.9019528500648,4.0471672545293503e-05
645.0450912176169,0.0020456539444471413
691.768151931714,0.0428536402155952
730.0549457208434,0.005043288361339093
811.3315607484865,0.1285937327192666
898.9452475034815,0.17148143520822504
972.9388858811019,0.06484277551351705
1114.314527256569,0.1488782861650695
1188.296647120814,0.05606208800990053
1202.4196041652906,0.16331508404736952
1210.7825077181737,0.008169634201187638
1211.159610162971,0.01566669563243229
1238.1948311573829,0.2514775404792551
1295.929222171622,0.0033558087127767934
1325.109405480945,0.016275815615719082
1908.9456220401346,0.0528679677257194
1909.4350712440632,0.5502748228256045
