frequency_cm1,intensity
2.1019279994795093,0.0
0.9915999487371486,0.0
2.05219054197923e-05,0.0
1.6261339146685513e-05,0.0
3.762100443220927e-05,0.0
1.2283095633779337,0.0
103.1960853459645,0.0014962868738997374
140.66786056143397,0.001669764966798727
180.3578774614633,3.0628863345804697e-06
183.05347134761854,0.0026783530991646622
240.6915344005236,0.0005483419143272095
331.20920055148326,0.0013050130726838121
365.6199256546668,0.0001441894471939298
459.6509895607636,0.0028218205469363565
482.26495670246493,0.0012476624153347998
568.8848183627243,0.046991453551242506
676.1126380567276,0.016764418790006255
682.10247317896,0.006250798579657739
825.8290733940813,0.00028615954951459585
834.3000348558119,0.012374759388565162
886.5228613829074,0.008715773242288257
896.0495189586402,1.1602611984864932e-06
919.1937843523386,0.010457409645480495
1019.2968326591242,0.022815445491590362
1058.0912240969292,0.001373419390744088
1058.649493332769,9.733639842158192e-05
1084.9626383365508,2.584110082315583e-05
1151.6884244684481,6.878527223514926e-05
1153.6241406073857,0.005577816740412122
1173.7010378226762,0.0008850031347790189
1219.9790276630042,0.04226547825987366
1239.32925468695,0.0011294240291962057
1290.473478729884,0.0016988016269421423
1304.1024189880995,0.004119178623277019
1340.0822189456226,0.0008036841348575957
1355.3494487431767,0.001010643495678175
1387.0361599145929,0.00363428714413276
1395.5325834164134,0.0013279756088587008
1398.8594853509744,0.006296327252356845
1399.4579033214554,0.0036410920046287022
1470.771792748651,3.711753763009581e-06
1472.3007353181727,0.02035116863002292
1484.716422836097,0.008880623196241567
1495.6917075030437,0.015132661597375884
3057.571360861539,0.011428857876690901
3058.5233052791255,0.03306450346564222
3062.2690179492174,0.007761238836393134
3064.062757446243,0.04543912037633828
3105.2275149128004,0.03897143080849304
3110.4060880285415,0.041041813908824436
3119.1809347369885,9.707959973177775e-06
3120.515249474717,0.03659749867912846
3165.8106278332166,0.019406727374344197
3170.9419059800302,0.004679010862836482
