frequency_cm1,intensity
3.9370860569013786,0.0
2.1650601776916054,0.0
4.120203368408925e-05,0.0
3.772107901104653e-05,0.0
2.0816405295965295e-05,0.0
0.2801975350964887,0.0
9.07926589171322,0.00030476671358896883
80.60564970848102,0.00497242720821564
141.9425224004116,0.0006965376020441442
145.07650296605811,0.0009180926172325081
166.5476133520642,0.0025508997313600274
208.75607797873928,0.003707342892090891
281.33225526864805,0.00022675653359437262
322.79290656398325,0.008264913463456529
340.53857965871777,0.0890794831394903
378.2717135619966,0.011130577300635363
397.4101799207665,0.0016061436221869408
476.9992591719802,0.00739072735735201
495.1423403609546,0.01177218043571132
527.9963123025339,0.004792439914262865
574.0870010368719,0.004896738627192699
616.3731755995326,0.006693975569103571
718.9866291177789,0.001053404655693241
733.5319919689497,0.005529342047798789
775.7251486917295,0.0013365797565156987
802.1281054842975,0.016045966407917167
842.0318265507599,0.036569749976616106
929.7488979560321,0.004738891063843999
943.4637039882541,0.015608859903992136
950.5484149846764,0.050272351172506044
965.0482877183011,0.003670544456812668
1038.7896751810895,0.010314760938796002
1060.2139669354221,0.05174002857510319
1078.6756008936052,0.02409003333733431
1146.3650101983992,0.09995226475097978
1175.5724318882114,0.002119261647572183
1184.9718857785992,0.015340098719165212
1193.2775804268401,0.10609197167423913
1217.6032542853989,0.0036586919599054125
1280.5264734700818,0.04912308352129567
1287.3906829970438,0.001509499486023209
1325.8615418805107,0.13498857326093158
1346.2314283529076,0.0032269107186013233
1358.140891132119,0.19449603158983944
1457.4671514399126,0.01650254889639838
1467.4651840306135,0.002264724006721288
1486.189636408924,0.013893706430745688
1495.3595924206522,0.005029345257916002
1505.3295546605923,0.008593066105009158
1566.4394570925763,0.23577012898061592
1668.4637076401852,0.06850144495143921
1690.349774276884,0.030047758127127674
1732.5558776205753,0.04350136331308479
3043.58111990274,0.048666671304937584
3122.271898761064,0.01952374639858336
3164.199996715395,0.01357348477937415
3164.932661670425,0.014400733591349132
3178.3426089136415,0.001952088244683827
3182.2966165856806,0.012930434925212673
3205.5931233646743,0.004119725886149744
3225.9629296475982,0.0030224912573545704
3257.9597309678024,0.012798027119780172
3872.4972527377245,0.07428233625856324
