frequency_cm1,intensity
3.671738046812592e-05,0.0
3.119796340185577e-05,0.0
2.382831799425175e-05,0.0
0.28325477265212573,0.0
1.3124182398529887,0.0
2.6307877142433886,0.0
36.44249712382516,0.00034520774973043387
154.90981923997938,0.0002637079652721907
195.84706350474016,0.0005854628529018725
323.7537595260666,0.004296794840862641
414.0667851188115,5.22831170213996e-07
429.29229272357105,0.00351187363369076
432.4614850095743,0.00014504589132617243
510.8638694501233,0.005129166031534321
630.3432796563645,0.0036846655513324196
667.6256847592902,0.022520775270113588
687.1202405432358,0.0650070340577321
709.5353454660872,0.034957955850300995
802.0311443773921,0.02233375688889848
877.3468590291483,1.8873491174314688e-05
897.6181912909699,0.23466041184867584
979.472012840302,0.0025736620890407587
1022.4731965245235,1.1364434655015422e-06
1029.5413923603348,0.0004396996461583009
1041.6765196190936,3.669629950740677e-05
1063.2319247310631,0.0024341797205136686
1119.981583056494,0.00036230725040896426
1179.9286325746787,0.003740392229775183
1202.306669476722,0.06925054220171747
1231.3429073629045,0.15765577199896216
1322.4268367648422,0.01684374564248057
1355.4091030589366,0.0030112148967837843
1495.528212110627,0.017204151558399328
1538.2646270423513,0.001849926156902122
1661.5915003224575,0.004808212542603275
1676.6989523336374,0.004742603192967332
1864.5557290287877,0.44123697249102967
3202.4021912032053,0.0027067441877345914
3214.9186962850627,0.010446921931924405
3223.411188757587,0.007066539125284467
3233.215184783392,0.002593990352382565
3248.646741264509,0.004175130682501984
